player_name,team,player_id,games,attempts,rushing_fantasy_pct,seasons_used,qb_archetype_primary
Josh Allen,BUF,00-0034857,32,943,0.3445339114276866,"2024,2025",dual_threat
Drake Maye,NE,00-0039851,30,830,0.21449729918104202,"2024,2025",balanced
Lamar Jackson,BAL,00-0034796,30,776,0.23909074848359932,"2024,2025",balanced
Jayden Daniels,WAS,00-0039910,24,668,0.3364619465415221,"2024,2025",dual_threat
Jalen Hurts,PHI,00-0036389,31,815,0.36243847259164147,"2024,2025",dual_threat
Jaxson Dart,NYG,00-0040691,14,339,0.405000394352867,2025,dual_threat
Joe Burrow,CIN,00-0036442,25,911,0.06638791079812208,"2024,2025",pocket_passer
Brock Purdy,SF,00-0037834,24,739,0.19143962598742545,"2024,2025",balanced
Dak Prescott,DAL,00-0033077,25,886,0.0881406819644006,"2024,2025",pocket_passer
Trevor Lawrence,JAX,00-0036971,27,844,0.22955468690120331,"2024,2025",balanced
Patrick Mahomes,KC,00-0033873,30,1083,0.1891358024691358,"2024,2025",balanced
Justin Herbert,LAC,00-0036355,33,1016,0.17276759118289536,"2024,2025",balanced
Caleb Williams,CHI,00-0039918,34,1130,0.17754674947681093,"2024,2025",balanced
Bo Nix,DEN,00-0039732,34,1179,0.20187564703733027,"2024,2025",balanced
Matthew Stafford,LAR,00-0026498,33,1114,0.006919731119019375,"2024,2025",pocket_passer
Jared Goff,DET,00-0033106,34,1117,0.015260947085310205,"2024,2025",pocket_passer
Tyler Shough,NO,00-0040743,11,327,0.21284019539427773,2025,balanced
Baker Mayfield,TB,00-0034855,34,1113,0.1437359857413902,"2024,2025",balanced
Kyler Murray,MIN,00-0035228,22,702,0.26884336528636077,"2024,2025",balanced
Daniel Jones,IND,00-0035710,23,725,0.21238805223395207,"2024,2025",balanced
Malik Willis,MIA,00-0038128,10,89,0.4122265844083006,"2024,2025",unconfirmed
Jordan Love,GB,00-0036264,30,864,0.0688128772635815,"2024,2025",pocket_passer
Sam Darnold,SEA,00-0034869,34,1022,0.06002813307599201,"2024,2025",pocket_passer
C.J. Stroud,HOU,00-0039163,31,955,0.10525874360479745,"2024,2025",balanced
Bryce Young,CAR,00-0039150,30,862,0.20407722541355333,"2024,2025",balanced
Geno Smith,NYJ,00-0030565,32,1026,0.0994244889859099,"2024,2025",pocket_passer
Jacoby Brissett,ARI,00-0033119,21,646,0.09774841580153701,"2024,2025",pocket_passer
Cam Ward,TEN,00-0040676,17,540,0.12997298052734557,2025,balanced
Aaron Rodgers,PIT,00-0023459,33,1082,0.043883285857263844,"2024,2025",pocket_passer
Tua Tagovailoa,ATL,00-0036212,25,783,0.02381692036864451,"2024,2025",pocket_passer
Shedeur Sanders,CLE,00-0040668,8,212,0.21421889616463985,2025,balanced
Deshaun Watson,CLE,00-0033537,13,387,0.22838680926916224,"2023,2024",balanced
Michael Penix,ATL,00-0039917,14,381,0.11268079381096537,"2024,2025",balanced
Kirk Cousins,LV,00-0029604,24,722,0.02043555175989752,"2024,2025",pocket_passer
J.J. McCarthy,MIN,00-0039923,10,243,0.27810807240058133,2025,balanced
Anthony Richardson,IND,00-0039164,13,266,0.4498741610738255,"2024,2025",dual_threat
Marcus Mariota,WAS,00-0032268,13,271,0.2689421959209553,"2024,2025",balanced
Riley Leonard,IND,00-0040206,5,67,0.37404580152671757,2025,unconfirmed
Davis Mills,HOU,00-0036898,10,195,0.1675620363264262,"2024,2025",balanced
Justin Fields,KC,00-0036945,19,365,0.45943896891584535,"2024,2025",dual_threat
Shane Buechele,BUF,00-0036679,1,14,0.10204081632653061,2025,unconfirmed
Jameis Winston,NYG,00-0031503,14,362,0.11887229118451506,"2024,2025",balanced
Quinn Ewers,MIA,00-0040234,4,83,0.048994326972666334,2025,unconfirmed
Tyson Bagent,CHI,00-0038416,6,6,0.0,"2024,2025",unconfirmed
Will Levis,TEN,00-0039152,21,556,0.11112757445547487,"2023,2024",balanced
Jarrett Stidham,DEN,00-0035264,3,0,1.0,"2024,2025",unconfirmed
Jake Browning,TB,00-0035100,7,125,0.15029439107530213,"2024,2025",balanced
Teddy Bridgewater,DET,00-0031237,4,15,0.07462686567164178,"2023,2025",unconfirmed
Tyrod Taylor,GB,00-0028118,8,156,0.24128686327077747,"2024,2025",balanced
Tommy DeVito,NE,00-0038476,11,222,0.24952182229177539,"2023,2024",balanced
Tyler Huntley,BAL,00-0035993,10,200,0.3664259927797834,"2024,2025",dual_threat
Mac Jones,SF,00-0036972,21,551,0.0821323415465675,"2024,2025",pocket_passer
Trey Lance,LAC,00-0037012,8,98,0.39033457249070636,"2024,2025",unconfirmed
Tanner McKee,PHI,00-0038400,6,88,0.015702108568864965,"2024,2025",unconfirmed
Joe Flacco,CIN,00-0026158,20,664,0.041767345529858474,"2024,2025",pocket_passer
Kenny Pickett,CAR,00-0038102,11,87,0.23739598629466468,"2024,2025",unconfirmed
Spencer Rattler,NO,00-0039376,16,485,0.16016784361887215,"2024,2025",balanced
Sam Howell,DAL,00-0037077,18,626,0.18877380554627463,"2023,2024",balanced
Drew Lock,SEA,00-0035704,10,184,0.2688638334778838,"2024,2025",balanced
Andy Dalton,PHI,00-0027973,10,197,0.03700277520814061,"2024,2025",pocket_passer
Nick Mullens,JAX,00-0033319,8,5,-0.7812499999999999,"2024,2025",unconfirmed
Chris Oladokun,KC,00-0037324,4,55,0.1464968152866242,"2024,2025",unconfirmed
Gardner Minshew,ARI,00-0035289,14,319,0.04838709677419355,"2024,2025",pocket_passer
Adrian Martinez,SF,00-0038658,1,0,1.0,2025,unconfirmed
Kyle Allen,BUF,00-0034577,3,3,-0.6521739130434784,"2024,2025",unconfirmed
Mitchell Trubisky,TEN,00-0033869,12,61,0.015772870662460567,"2024,2025",unconfirmed
Jalen Milroe,SEA,00-0040673,3,0,1.0,2025,unconfirmed
Joe Milton,DAL,00-0039398,5,53,0.3354632587859425,"2024,2025",unconfirmed
Mason Rudolph,PIT,00-0034771,13,280,0.1275964391691395,"2024,2025",balanced
Brady Cook,NYJ,00-0040398,5,153,0.11540273198304286,2025,balanced
Josh Johnson,CIN,00-0026300,7,57,0.3722721437740693,"2024,2025",unconfirmed
Aidan O'Connell,LV,00-0038579,10,265,0.08797387992018864,"2024,2025",pocket_passer
Mike White,,00-0034401,7,17,-0.12534818941504178,"2023,2024",unconfirmed
Carson Wentz,MIN,00-0032950,7,188,0.06862509029617145,"2024,2025",pocket_passer
Case Keenum,CHI,00-0028986,4,60,0.0062266500622665,"2022,2023",unconfirmed
Cooper Rush,ATL,00-0033662,16,360,0.010348905972797163,"2024,2025",pocket_passer
Derek Carr,,00-0031280,27,827,0.04090713362996986,"2023,2024",pocket_passer
Dillon Gabriel,CLE,00-0040704,10,185,0.11609071274298056,2025,balanced
Hendon Hooker,TEN,00-0038550,3,9,0.07462686567164178,2024,unconfirmed
Jimmy Garoppolo,,00-0031345,4,41,-0.023969319271332695,"2024,2025",unconfirmed
Logan Woodside,,00-0034438,1,4,0.35714285714285715,2023,unconfirmed
Russell Wilson,,00-0029263,17,455,0.15448868704890115,"2024,2025",balanced
Taylor Heinicke,,00-0031800,9,141,0.26452282157676343,"2023,2024",balanced
Zach Wilson,NO,00-0037013,16,379,0.14588494357280488,"2023,2025",balanced
