player_name,team,age,adp,player_id,team_target_share,games_played,target_share_data_quality_flag,redzone_touches,redzone_touch_share,inside_10_carry_share,explosive_run_rate,third_down_snap_share,route_participation_rate,carries,targets,total_touches,opportunity_share,target_share_of_backfield,yards_per_touch,depth_chart_rank,archetype_primary,down_split,lean
Jahmyr Gibbs,DET,24.0,1.1,00-0039139,0.170909090909091,17.0,,67.0,0.3681318681318681,0.44,0.0576131687242798,0.6495327102803738,0.7053140096618358,243.0,94.0,337.0,0.6358490566037736,0.7642276422764228,5.746875,1.0,bellcow,mixed-down,receiving_lean
Bijan Robinson,ATL,24.0,2.0,00-0038542,0.198458574181118,17.0,,49.0,0.3602941176470588,0.4390243902439024,0.0555555555555555,0.8067632850241546,0.8658536585365854,287.0,103.0,390.0,0.6989247311827957,0.865546218487395,6.278688524590164,1.0,bellcow,3-down,receiving_lean
Christian McCaffrey,SF,30.0,6.0,00-0033280,0.234545454545455,17.0,,100.0,0.5263157894736842,0.8043478260869565,0.0353697749196141,0.943661971830986,0.8877887788778878,311.0,129.0,440.0,0.8088235294117647,0.9148936170212766,5.147699757869249,1.0,bellcow,3-down,receiving_lean
Jonathan Taylor,IND,27.0,8.1,00-0036223,0.10377358490566,17.0,,76.0,0.4086021505376344,0.6779661016949152,0.0493827160493827,0.7743589743589744,0.8075601374570447,323.0,55.0,378.0,0.84,0.7142857142857143,5.3197831978319785,1.0,bellcow,3-down,receiving_lean
Derrick Henry,BAL,32.0,17.4,00-0032764,0.0515970515970516,17.0,,65.0,0.4012345679012346,0.7692307692307693,0.0684039087947882,0.2647058823529412,0.3880597014925373,307.0,21.0,328.0,0.7053763440860215,0.2876712328767123,5.419254658385094,1.0,bellcow,2-down,none
De'Von Achane,MIA,24.0,18.1,00-0039040,0.19548160173160176,16.0,,43.0,0.3138686131386861,0.34375,0.1008403361344537,0.6302083333333334,0.7365384615384616,238.0,85.0,323.0,0.6715176715176715,0.8252427184466019,6.026229508196721,1.0,bellcow,mixed-down,explosive_lean
James Cook,BUF,26.0,11.4,00-0037248,0.0835073068893528,17.0,,59.0,0.3025641025641025,0.40625,0.0517799352750809,0.2,0.4595588235294117,309.0,40.0,349.0,0.6883629191321499,0.45454545454545453,5.590643274853801,1.0,bellcow,2-down,none
Ashton Jeanty,LV,22.0,11.5,00-0040122,0.147773279352227,17.0,,45.0,0.4128440366972477,0.85,0.0187265917602996,0.6666666666666666,0.7280550774526678,266.0,73.0,339.0,0.8432835820895522,0.7684210526315789,4.1152647975077885,1.0,bellcow,3-down,receiving_lean
Chase Brown,CIN,26.0,15.9,00-0038597,0.144736842105263,17.0,,49.0,0.3402777777777778,0.5757575757575758,0.03862660944206,0.3665158371040724,0.6529411764705882,232.0,88.0,320.0,0.7191011235955056,0.7927927927927928,4.837209302325581,1.0,bellcow,2-down,receiving_lean
Saquon Barkley,PHI,29.0,13.5,00-0034844,0.11449353448275844,16.0,,52.0,0.3443708609271523,0.5102040816326531,0.0462633451957295,0.6285714285714286,0.7247191011235955,280.0,50.0,330.0,0.7534246575342466,0.7246376811594203,4.457413249211356,1.0,bellcow,mixed-down,receiving_lean
Josh Jacobs,GB,28.0,41.1,00-0035700,0.1084057971014493,15.0,,58.0,0.3558282208588957,0.6666666666666666,0.0427350427350427,0.4223300970873786,0.4826923076923077,234.0,44.0,278.0,0.5991379310344828,0.5641025641025641,4.485185185185185,1.0,bellcow,mixed-down,none
Omarion Hampton,LAC,23.0,14.6,00-0040666,0.12152777777777768,9.0,corrected,28.0,0.1806451612903225,0.4285714285714285,0.064516129032258,0.3187250996015936,0.3290937996820349,124.0,35.0,159.0,0.375886524822695,0.5072463768115942,4.7243589743589745,3.0,committee_back,2-down,none
Breece Hall,NYJ,25.0,29.5,00-0038120,0.10805084745762682,16.0,,33.0,0.2661290322580645,0.3571428571428571,0.0699588477366255,0.3580786026200873,0.5330948121645797,243.0,48.0,291.0,0.697841726618705,0.5714285714285714,5.07168458781362,1.0,bellcow,2-down,receiving_lean
Kenneth Walker,KC,27.0,15.2,00-0038134,0.0791208791208791,17.0,,37.0,0.2242424242424242,0.2040816326530612,0.0814479638009049,0.233009708737864,0.4313725490196078,221.0,36.0,257.0,0.5099206349206349,0.5625,5.194444444444445,1.0,committee_back,2-down,explosive_lean
Jeremiyah Love,ARI,21.0,26.8,,,,,,,,,,,,,,,,,,unconfirmed,not_applicable,none
Kyren Williams,LAR,25.0,32.2,00-0037840,0.0860585197934596,17.0,,63.0,0.3165829145728643,0.5660377358490566,0.0463320463320463,0.7616580310880829,0.7326892109500805,259.0,50.0,309.0,0.6477987421383647,0.78125,5.196610169491525,1.0,bellcow,3-down,receiving_lean
Cam Skattebo,NYG,24.0,43.6,00-0040715,0.13518886679920475,8.0,corrected,28.0,0.1686746987951807,0.25,0.0392156862745098,0.2622222222222222,0.2339688041594454,101.0,32.0,133.0,0.2686868686868687,0.32323232323232326,4.936,3.0,committee_back,2-down,none
Javonte Williams,DAL,26.0,36.3,00-0036997,0.0892710049423394,16.0,,66.0,0.3402061855670103,0.5714285714285714,0.0515873015873015,0.6124401913875598,0.6641337386018237,252.0,51.0,303.0,0.6516129032258065,0.6219512195121951,4.662020905923345,1.0,bellcow,mixed-down,receiving_lean
Travis Etienne,NO,27.0,40.4,00-0036973,0.0950639853747715,17.0,,64.0,0.3168316831683168,0.4727272727272727,0.0346153846153846,0.2396313364055299,0.5462046204620462,260.0,52.0,312.0,0.697986577181208,0.6666666666666666,4.726351351351352,1.0,bellcow,2-down,receiving_lean
D'Andre Swift,CHI,27.0,49.8,00-0036275,0.0958646616541353,16.0,,41.0,0.2383720930232558,0.4444444444444444,0.0538116591928251,0.5263157894736842,0.5348837209302325,223.0,48.0,271.0,0.5657620041753654,0.6075949367088608,5.392996108949417,1.0,bellcow,mixed-down,receiving_lean
Bucky Irving,TB,23.0,55.5,00-0039361,0.10998151571164513,10.0,corrected,22.0,0.1496598639455782,0.1875,0.0231213872832369,0.175438596491228,0.3338870431893688,173.0,35.0,208.0,0.42535787321063395,0.38461538461538464,4.261083743842365,1.0,committee_back,2-down,none
Quinshon Judkins,CLE,22.0,53.7,00-0040784,0.083743842364532,14.0,,34.0,0.288135593220339,0.5428571428571428,0.0303030303030303,0.1489361702127659,0.2945990180032733,230.0,36.0,266.0,0.5576519916142557,0.2975206611570248,3.8984375,1.0,bellcow,2-down,none
Bhayshul Tuten,JAX,23.0,50.6,00-0040719,0.02900670322973794,15.0,,28.0,0.1386138613861386,0.1636363636363636,0.0119047619047619,,0.1534653465346534,83.0,14.0,97.0,0.21700223713646533,0.1794871794871795,4.150537634408602,2.0,committee_back,2-down,none
TreVeyon Henderson,NE,23.0,53.6,00-0040734,0.0871369294605809,17.0,,40.0,0.2484472049689441,0.3620689655172414,0.0555555555555555,0.3484848484848485,0.4482758620689655,180.0,42.0,222.0,0.4879120879120879,0.5060240963855421,5.265116279069767,1.0,committee_back,2-down,none
David Montgomery,HOU,29.0,48.5,00-0035685,0.0527272727272727,17.0,,37.0,0.2032967032967033,0.5,0.0377358490566037,0.397196261682243,0.359098228663446,158.0,29.0,187.0,0.35283018867924526,0.23577235772357724,4.989010989010989,2.0,committee_back,2-down,none
Jadarian Price,SEA,22.0,62.4,,,,,,,,,,,,,,,,,,unconfirmed,not_applicable,none
Tony Pollard,TEN,29.0,75.0,00-0035261,0.0773584905660377,17.0,,20.0,0.2083333333333333,0.4137931034482758,0.0413223140495867,0.3632478632478632,0.560702875399361,242.0,41.0,283.0,0.672209026128266,0.44086021505376344,4.683636363636364,1.0,bellcow,2-down,none
Jaylen Warren,PIT,27.0,71.9,00-0037228,0.09159482758620696,16.0,,45.0,0.2848101265822785,0.4782608695652174,0.0473933649289099,0.2952380952380952,0.4013722126929674,211.0,45.0,256.0,0.5278350515463918,0.3409090909090909,5.143426294820717,2.0,committee_back,2-down,none
Rico Dowdle,PIT,28.0,87.3,00-0036139,0.104166666666667,17.0,,40.0,0.2816901408450704,0.4666666666666667,0.0421940928270042,0.3853658536585366,0.5099457504520796,236.0,50.0,286.0,0.5933609958506224,0.5434782608695652,4.992727272727273,1.0,bellcow,2-down,receiving_lean
Chuba Hubbard,CAR,27.0,83.4,00-0036555,0.09208333333333334,15.0,,25.0,0.176056338028169,0.2666666666666666,0.0,0.551219512195122,0.4520795660036166,134.0,39.0,173.0,0.35892116182572614,0.42391304347826086,4.475609756097561,1.0,bellcow,mixed-down,none
Rhamondre Stevenson,NE,28.0,75.8,00-0036875,0.09321280379371663,14.0,,33.0,0.2049689440993788,0.293103448275862,0.0687022900763358,0.6717171717171717,0.5462794918330308,130.0,37.0,167.0,0.367032967032967,0.4457831325301205,5.851851851851852,2.0,committee_back,3-down,receiving_lean
J.K. Dobbins,DEN,27.0,97.0,00-0036158,0.0407534246575342,10.0,,20.0,0.1204819277108433,0.3055555555555556,0.0784313725490196,0.1244635193133047,0.2184087363494539,153.0,14.0,167.0,0.3686534216335541,0.12844036697247707,4.932926829268292,2.0,committee_back,2-down,none
RJ Harvey,DEN,25.0,86.7,00-0040730,0.0993150684931507,17.0,,40.0,0.2409638554216867,0.4166666666666667,0.0272108843537414,0.2918454935622318,0.4290171606864275,146.0,58.0,204.0,0.4503311258278146,0.5321100917431193,4.642487046632124,1.0,committee_back,2-down,none
Rachaad White,WAS,27.0,108.7,00-0037256,0.0831792975970425,17.0,,29.0,0.1972789115646258,0.3125,0.0300751879699248,0.7543859649122807,0.584717607973422,132.0,45.0,177.0,0.3619631901840491,0.4945054945054945,4.593023255813954,2.0,committee_back,3-down,receiving_lean
Aaron Jones,MIN,31.0,122.9,00-0033293,0.12410968660968659,12.0,corrected,19.0,0.1407407407407407,0.25,0.0378787878787878,0.3230769230769231,0.364963503649635,132.0,41.0,173.0,0.4148681055155875,0.5324675324675324,4.66875,2.0,committee_back,2-down,none
Kyle Monangai,CHI,24.0,96.7,00-0040236,0.056390977443609,17.0,,41.0,0.2383720930232558,0.3888888888888889,0.0409356725146198,0.3903508771929824,0.4119601328903654,169.0,30.0,199.0,0.4154488517745303,0.379746835443038,5.064171122994653,2.0,committee_back,2-down,none
Kenny Gainwell,TB,27.0,,,,,,40.0,0.2531645569620253,0.3478260869565217,0.0526315789473684,,,,,,,,,,unconfirmed,not_applicable,none
Jacory Croskey-Merritt,WAS,25.0,118.1,00-0040242,0.030092592592592598,17.0,,33.0,0.2275862068965517,0.375,0.0397727272727272,,0.292156862745098,175.0,13.0,188.0,0.47,0.23636363636363636,4.744565217391305,1.0,committee_back,2-down,none
Jonathon Brooks,CAR,23.0,91.6,00-0039344,,3.0,,,,,,,,,3.0,12.0,0.027777777777777776,,,4.0,unconfirmed,not_applicable,none
Jordan Mason,MIN,27.0,110.5,00-0037525,0.036324786324786335,16.0,,30.0,0.2222222222222222,0.375,0.0566037735849056,0.3230769230769231,0.3905109489051095,159.0,16.0,175.0,0.4196642685851319,0.2077922077922078,4.676300578034682,1.0,committee_back,2-down,none
Blake Corum,LAR,25.0,90.6,00-0039738,0.0240963855421687,17.0,,28.0,0.1407035175879397,0.3018867924528302,0.0689655172413793,0.2020725388601036,0.2624798711755233,145.0,14.0,159.0,0.3333333333333333,0.21875,5.111111111111111,2.0,committee_back,2-down,none
Alvin Kamara,NO,31.0,164.1,00-0033906,0.10667739340305715,11.0,corrected,20.0,0.1680672268907563,0.1714285714285714,0.0305343511450381,0.3632286995515695,0.422776911076443,131.0,39.0,170.0,0.44854881266490765,0.5064935064935064,4.0060975609756095,2.0,committee_back,2-down,none
Tyjae Spears,TEN,25.0,153.1,00-0039032,0.12336719883889691,13.0,corrected,17.0,0.1770833333333333,0.1724137931034483,0.0416666666666666,0.5854700854700855,0.4201277955271565,72.0,50.0,122.0,0.28978622327790976,0.5376344086021505,4.6752136752136755,2.0,handcuff,not_applicable,none
Zach Charbonnet,SEA,25.0,161.6,00-0039165,0.0560439560439561,16.0,,55.0,0.3333333333333333,0.6530612244897959,0.0486486486486486,0.5825242718446602,0.4980392156862745,184.0,24.0,208.0,0.4126984126984127,0.375,4.284313725490196,1.0,committee_back,mixed-down,none
Woody Marks,HOU,25.0,141.4,00-0040583,0.06916817359855335,16.0,,41.0,0.2611464968152866,0.4166666666666667,0.0357142857142857,0.4502164502164502,0.5,196.0,36.0,232.0,0.4989247311827957,0.47368421052631576,4.140909090909091,1.0,committee_back,mixed-down,none
Tyrone Tracy,NYG,26.0,134.4,00-0039384,0.10815109343936374,15.0,,26.0,0.1566265060240964,0.1153846153846153,0.0397727272727272,0.4711111111111111,0.5181975736568457,176.0,48.0,224.0,0.45252525252525255,0.48484848484848486,4.849056603773585,1.0,committee_back,mixed-down,receiving_lean
Isiah Pacheco,DET,27.0,152.0,00-0037197,0.06193078324225872,13.0,,24.0,0.1420118343195266,0.1666666666666666,0.0084745762711864,0.1272727272727272,0.3832807570977918,118.0,26.0,144.0,0.3302752293577982,0.28888888888888886,4.109489051094891,2.0,committee_back,2-down,none
Justice Hill,BAL,28.0,214.0,00-0034975,0.11277641277641273,10.0,corrected,4.0,0.0246913580246913,0.0192307692307692,0.0555555555555555,0.4215686274509804,0.32409381663113,18.0,27.0,45.0,0.0967741935483871,0.3698630136986301,6.717948717948718,2.0,handcuff,not_applicable,none
Chris Rodriguez,JAX,26.0,129.3,00-0038611,0.013117283950617198,12.0,,34.0,0.2344827586206896,0.3928571428571428,0.0357142857142857,0.1216931216931216,0.1941176470588235,112.0,4.0,116.0,0.29,0.07272727272727272,4.608695652173913,1.0,committee_back,2-down,none
Brian Robinson,ATL,27.0,175.9,00-0037746,0.0218181818181818,17.0,,17.0,0.0894736842105263,0.0869565217391304,0.0434782608695652,,0.1138613861386138,92.0,12.0,104.0,0.19117647058823528,0.0851063829787234,4.25,2.0,handcuff,not_applicable,none
Dylan Sampson,CLE,21.0,171.9,00-0040162,0.08684546615581104,15.0,,13.0,0.1101694915254237,0.0285714285714285,0.0307692307692307,0.1872340425531914,0.2454991816693944,65.0,40.0,105.0,0.22012578616352202,0.3305785123966942,4.551020408163265,2.0,handcuff,not_applicable,none
Samaje Perine,CIN,30.0,215.5,00-0033526,0.03914473684210524,15.0,,17.0,0.1180555555555555,0.2424242424242424,0.0238095238095238,0.6153846153846154,0.3220588235294118,84.0,21.0,105.0,0.23595505617977527,0.1891891891891892,4.643564356435643,2.0,handcuff,not_applicable,none
Tyler Allgeier,ARI,26.0,156.0,00-0037263,0.0308285163776493,17.0,,33.0,0.2426470588235294,0.4634146341463415,0.0349650349650349,0.2898550724637681,0.2369337979094076,143.0,16.0,159.0,0.2849462365591398,0.13445378151260504,3.8853503184713376,2.0,committee_back,2-down,none
AJ Dillon,CAR,28.0,216.0,00-0036265,0.01831896551724135,6.0,,3.0,0.0198675496688741,0.0,0.0,,0.0449438202247191,12.0,3.0,15.0,0.03424657534246575,0.043478260869565216,5.4,3.0,handcuff,not_applicable,none
Ty Johnson,BUF,28.0,215.6,00-0035537,0.0688935281837161,17.0,,23.0,0.1179487179487179,0.171875,0.04,0.7047619047619048,0.4191176470588235,50.0,33.0,83.0,0.16370808678500987,0.375,6.256756756756757,2.0,handcuff,not_applicable,none
Jordan James,SF,22.0,214.0,00-0040177,,,,,,,,,,,,,,,,,unconfirmed,not_applicable,none
Braelon Allen,NYJ,22.0,213.2,00-0039794,0.02701271186440665,4.0,corrected,9.0,0.0725806451612903,0.1428571428571428,0.0526315789473684,,0.035778175313059,18.0,3.0,21.0,0.050359712230215826,0.03571428571428571,4.65,3.0,handcuff,not_applicable,none
Emari Demercado,KC,27.0,215.8,00-0038705,0.04592112371690973,12.0,,9.0,0.0573248407643312,0.1111111111111111,0.1136363636363636,0.3928571428571428,0.1926863572433192,44.0,20.0,64.0,0.15421686746987953,0.16129032258064516,7.245614035087719,3.0,handcuff,not_applicable,none
Mike Washington,LV,23.0,198.5,,,,,,,,,,,,,,,,,,unconfirmed,not_applicable,none
Kaelon Black,SF,24.0,202.2,,,,,,,,,,,,,,,,,,unconfirmed,not_applicable,none
Tank Bigsby,PHI,23.0,159.8,00-0038555,0.00828762949421084,15.0,,18.0,0.119205298013245,0.1836734693877551,0.0862068965517241,,0.099250936329588,63.0,4.0,67.0,0.15296803652968036,0.057971014492753624,5.878787878787879,2.0,handcuff,not_applicable,none
Keaton Mitchell,LAC,24.0,134.8,00-0038454,0.03855603855603858,13.0,,14.0,0.0864197530864197,0.0384615384615384,0.1016949152542373,,0.1066098081023454,59.0,12.0,71.0,0.15268817204301074,0.1643835616438356,5.9411764705882355,4.0,committee_back,2-down,none
Malik Davis,DAL,27.0,215.9,00-0037563,0.014003294892915848,10.0,,8.0,0.0412371134020618,0.0816326530612244,0.0769230769230769,,0.1246200607902735,52.0,5.0,57.0,0.12258064516129032,0.06097560975609756,4.925925925925926,2.0,handcuff,not_applicable,none
Adam Randall,BAL,22.0,215.8,,,,,,,,,,,,,,,,,,unconfirmed,not_applicable,none
Chris Brooks,GB,26.0,216.0,00-0038685,0.0369565217391304,17.0,,6.0,0.0368098159509202,0.0222222222222222,0.0,0.3058252427184466,0.2461538461538461,27.0,17.0,44.0,0.09482758620689655,0.21794871794871795,4.925,3.0,handcuff,not_applicable,none
Kimani Vidal,LAC,24.0,213.2,00-0039391,0.05288461538461534,13.0,,32.0,0.2064516129032258,0.3142857142857143,0.0387096774193548,0.4701195219123506,0.4292527821939587,155.0,22.0,177.0,0.41843971631205673,0.3188405797101449,4.555555555555555,2.0,committee_back,mixed-down,none
James Conner,ARI,31.0,214.5,00-0033553,0.08265802269043754,19.0,corrected,6.0,0.0382165605095541,0.0833333333333333,0.0,,0.0590717299578059,32.0,64.0,332.0,0.5414632553253448,0.07258064516129033,3.325,1.0,bellcow,2-down,none
Emanuel Wilson,SEA,27.0,215.9,00-0038797,0.0369565217391304,17.0,,27.0,0.1656441717791411,0.1777777777777777,0.008,0.2766990291262136,0.2961538461538461,125.0,17.0,142.0,0.30603448275862066,0.21794871794871795,4.25,2.0,committee_back,2-down,none
Jaylen Wright,MIA,23.0,215.5,00-0039874,0.036796536796536834,9.0,,12.0,0.0875912408759124,0.1875,0.0285714285714285,,0.075,70.0,9.0,79.0,0.16424116424116425,0.08737864077669903,4.426666666666667,2.0,handcuff,not_applicable,none
Jawhar Jordan,HOU,26.0,216.0,00-0039405,0.05379746835443053,4.0,corrected,5.0,0.0318471337579617,0.0555555555555555,0.0232558139534883,,0.0485436893203883,43.0,7.0,50.0,0.10752688172043011,0.09210526315789473,4.54,3.0,handcuff,not_applicable,none
Jaydon Blue,DAL,22.0,181.7,00-0040586,0.00560131795716634,5.0,,7.0,0.0360824742268041,0.0408163265306122,0.0263157894736842,,0.0410334346504559,38.0,1.0,39.0,0.08387096774193549,0.012195121951219513,3.4358974358974357,3.0,handcuff,not_applicable,none
MarShawn Lloyd,GB,25.0,189.2,00-0039811,,1.0,,,,,,,,,1.0,7.0,0.013539651837524178,,,4.0,unconfirmed,not_applicable,none
Isaiah Davis,NYJ,24.0,215.8,00-0039798,0.06302966101694917,16.0,,11.0,0.0887096774193548,0.0357142857142857,0.0930232558139534,0.5065502183406113,0.3667262969588551,43.0,28.0,71.0,0.17026378896882494,0.3333333333333333,6.59375,2.0,handcuff,not_applicable,none
George Holani,SEA,26.0,212.4,00-0039299,0.0074725274725274795,10.0,,5.0,0.0303030303030303,0.0204081632653061,0.0,,0.0176470588235294,22.0,2.0,24.0,0.047619047619047616,0.03125,3.6666666666666665,3.0,handcuff,not_applicable,none
LeQuint Allen,JAX,22.0,215.7,00-0040238,0.021366544789762375,16.0,,6.0,0.0297029702970297,0.0181818181818181,0.0,0.6728110599078341,0.3052805280528052,23.0,11.0,34.0,0.07606263982102908,0.14102564102564102,4.484848484848484,3.0,committee_back,3-down,none
Sean Tucker,TB,24.0,191.2,00-0038951,0.0203327171903882,17.0,,24.0,0.1632653061224489,0.4375,0.0348837209302325,,0.1112956810631229,86.0,11.0,97.0,0.1983640081799591,0.12087912087912088,3.765957446808511,3.0,committee_back,2-down,none
Frank Gore,BUF,38.0,216.0,00-0023500,,,,,,,,,,,,,,,,,unconfirmed,not_applicable,none
Roschon Johnson,CHI,25.0,216.0,00-0039021,0.0,6.0,,0.0,0.0,0.0,0.0,,0.0016611295681063,2.0,0.0,2.0,0.0041753653444676405,0.0,8.5,3.0,handcuff,not_applicable,none
Ollie Gordon,MIA,22.0,215.6,00-0040198,0.0194805194805195,17.0,,21.0,0.1532846715328467,0.375,0.0285714285714285,0.1927083333333333,0.2153846153846154,70.0,9.0,79.0,0.16424116424116425,0.08737864077669903,3.0,3.0,handcuff,not_applicable,none
Ray Davis,BUF,26.0,188.1,00-0039875,0.0271398747390397,17.0,,12.0,0.0615384615384615,0.046875,0.0517241379310344,,0.1305147058823529,58.0,13.0,71.0,0.14003944773175542,0.14772727272727273,5.3088235294117645,3.0,handcuff,not_applicable,none
Emmett Johnson,KC,22.0,198.3,,,,,,,,,,,,,,,,,,unconfirmed,not_applicable,none
DJ Giddens,IND,22.0,214.7,00-0040179,0.012830188679245019,5.0,,6.0,0.032258064516129,0.0169491525423728,0.0,,0.0395189003436426,26.0,2.0,28.0,0.06222222222222222,0.025974025974025976,3.6923076923076925,2.0,handcuff,not_applicable,none
Ty Chandler,NO,28.0,216.0,00-0037276,0.04843304843304816,17.0,corrected,3.0,0.0222222222222222,0.0416666666666666,0.0,,0.0328467153284671,17.0,10.0,83.0,0.10999358928698624,0.05194805194805195,2.9,6.0,handcuff,not_applicable,none
Jonah Coleman,DEN,22.0,159.9,,,,,,,,,,,,,,,,,,unconfirmed,not_applicable,none
Brashard Smith,KC,23.0,216.0,00-0040078,0.063752276867031,17.0,,17.0,0.1005917159763313,0.119047619047619,0.0,0.1727272727272727,0.1561514195583596,44.0,35.0,79.0,0.1811926605504587,0.3888888888888889,4.681159420289855,2.0,handcuff,not_applicable,none
Phil Mafah,DAL,23.0,216.0,00-0040021,0.0560131795716634,1.0,corrected,1.0,0.0051546391752577,0.0204081632653061,0.0,,0.0045592705167173,5.0,2.0,7.0,0.015053763440860216,0.024390243902439025,4.142857142857143,4.0,unconfirmed,not_applicable,none
Elijah Mitchell,PHI,28.0,216.0,00-0036567,0.0309653916211291,1.0,corrected,0.0,0.0,0.0,,,0.0078864353312302,0.0,1.0,1.0,0.0022935779816513763,0.011111111111111112,,5.0,unconfirmed,not_applicable,none
Jam Miller,NE,,216.0,,,,,,,,,,,,,,,,,,unconfirmed,not_applicable,none
Jeremy McNichols,WAS,30.0,216.0,00-0033955,0.076244212962963,16.0,,9.0,0.0620689655172413,0.0714285714285714,0.0666666666666666,0.7037037037037037,0.4333333333333333,44.0,31.0,75.0,0.1875,0.5636363636363636,6.043478260869565,3.0,committee_back,3-down,none
Salvon Ahmed,CHI,27.0,216.0,00-0036020,,,,,,,,,,,,,,,,,unconfirmed,not_applicable,none
Jarquez Hunter,LAR,23.0,216.0,00-0040692,,,,,,,,,,,,,,,,,unconfirmed,not_applicable,none
Israel Abanikanda,DAL,23.0,216.0,00-0038389,,,,,,,,,,,,,,,,,unconfirmed,not_applicable,none
Dameon Pierce,PHI,26.0,216.0,00-0037258,0.00614828209764896,5.0,,0.0,0.0,0.0,0.0,,0.0129449838187702,14.0,1.0,15.0,0.034403669724770644,0.011111111111111112,2.5714285714285716,4.0,handcuff,not_applicable,none
Demond Claiborne,MIN,22.0,214.3,,,,,,,,,,,,,,,,,,unconfirmed,not_applicable,none
Donovan Edwards,MIA,23.0,,,,,,,,,,,,,,,,,,,unconfirmed,not_applicable,none
Carlos Washington,MIA,27.0,,00-0038930,,,,,,,,,,,,,,,,,unconfirmed,not_applicable,none
Will Shipley,PHI,23.0,216.0,00-0039746,0.031403940886699455,14.0,,1.0,0.0066225165562913,0.0,0.0714285714285714,0.2619047619047619,0.1554307116104868,14.0,12.0,26.0,0.0593607305936073,0.17391304347826086,4.565217391304348,3.0,handcuff,not_applicable,none
Seth McGowan,IND,24.0,215.9,,,,,,,,,,,,,,,,,,unconfirmed,not_applicable,none
Kaytron Allen,WAS,23.0,204.2,,,,,,,,,,,,,,,,,,unconfirmed,not_applicable,none
Tahj Brooks,CIN,24.0,215.9,00-0040208,0.004660087719298209,12.0,,0.0,0.0,0.0,0.0,,0.0338235294117647,16.0,2.0,18.0,0.04044943820224719,0.018018018018018018,3.176470588235294,3.0,handcuff,not_applicable,none
Devin Neal,NO,22.0,216.0,00-0040202,0.06352015732546706,9.0,corrected,6.0,0.0504201680672268,0.0571428571428571,0.0350877192982456,0.3004484304932735,0.2574102964118565,57.0,19.0,76.0,0.20052770448548812,0.24675324675324675,4.1891891891891895,3.0,handcuff,not_applicable,none
Devin Singletary,NYG,28.0,216.0,00-0035250,0.0377733598409543,17.0,,24.0,0.144578313253012,0.3269230769230769,0.0168067226890756,0.2755555555555555,0.2478336221837088,119.0,19.0,138.0,0.2787878787878788,0.1919191919191919,4.291970802919708,2.0,committee_back,2-down,none
Nicholas Singleton,TEN,22.0,208.9,,,,,,,,,,,,,,,,,,unconfirmed,not_applicable,none
Jerome Ford,WAS,26.0,216.0,00-0037267,0.0801650456822871,13.0,,10.0,0.0847457627118644,0.1142857142857142,0.0,0.4808510638297872,0.3502454991816694,24.0,32.0,56.0,0.11740041928721175,0.2644628099173554,3.52,4.0,handcuff,not_applicable,none
Tyler Badie,DEN,26.0,215.9,00-0037085,0.05639982876712327,16.0,,6.0,0.036144578313253,0.0277777777777777,0.0,0.4248927038626609,0.2527301092043681,8.0,31.0,39.0,0.08609271523178808,0.28440366972477066,6.074074074074074,4.0,handcuff,not_applicable,none
Isaac Guerendo,SF,26.0,216.0,00-0039363,0.0,7.0,,,,,,,,0.0,0.0,0.0,0.0,0.0,,3.0,handcuff,not_applicable,none
Trevor Etienne,CAR,22.0,216.0,00-0040644,0.00625,17.0,,4.0,0.028169014084507,0.1,0.05,,0.0325497287522604,20.0,3.0,23.0,0.04771784232365145,0.03260869565217391,4.6521739130434785,2.0,handcuff,not_applicable,none
Andrew Beck,NYJ,30.0,,00-0034959,,,,3.0,0.0241935483870967,0.0357142857142857,0.0,,0.0572450805008944,,,,,,,,unconfirmed,not_applicable,none
Kendre Miller,NO,24.0,216.0,00-0038551,0.021491782553729227,7.0,,5.0,0.042016806722689,0.0571428571428571,0.0212765957446808,,0.0670826833073322,47.0,5.0,52.0,0.13720316622691292,0.06493506493506493,4.288461538461538,5.0,handcuff,not_applicable,none
Reggie Gilliam,NE,28.0,,00-0036187,0.006452837350540835,11.0,,2.0,0.0102564102564102,0.015625,0.0,0.119047619047619,0.0955882352941176,2.0,2.0,4.0,0.007889546351084813,0.022727272727272728,7.0,3.0,handcuff,not_applicable,none
Kaleb Johnson,PIT,22.0,216.0,00-0040142,0.006513409961685699,10.0,,4.0,0.0253164556962025,0.0,0.0,,0.0308747855917667,28.0,2.0,30.0,0.061855670103092786,0.015151515151515152,2.689655172413793,3.0,handcuff,not_applicable,none
British Brooks,HOU,26.0,,00-0039603,0.0,8.0,,2.0,0.0127388535031847,0.0555555555555555,0.0588235294117647,,0.017799352750809,17.0,0.0,17.0,0.03655913978494624,0.0,4.588235294117647,4.0,handcuff,not_applicable,none
DeeJay Dallas,JAX,27.0,216.0,00-0036425,0.007083333333333219,5.0,,0.0,0.0,0.0,0.5,,0.0307414104882459,3.0,1.0,4.0,0.008948545861297539,0.01282051282051282,7.0,5.0,committee_back,2-down,none
Kene Nwangwu,NYJ,28.0,,00-0036842,0.00360169491525422,10.0,,3.0,0.0241935483870967,0.1071428571428571,0.0769230769230769,,0.0268336314847942,13.0,1.0,14.0,0.03357314148681055,0.011904761904761904,3.769230769230769,4.0,handcuff,not_applicable,none
Bam Knight,ARI,,216.0,,,,,23.0,0.1464968152866242,0.3888888888888889,0.0240963855421686,,,,,,,,,,unconfirmed,not_applicable,none
Trey Benson,ARI,24.0,216.0,00-0039921,0.11021069692058341,4.0,corrected,5.0,0.0318471337579617,0.0555555555555555,0.0689655172413793,0.1160714285714285,0.0998593530239099,29.0,16.0,45.0,0.10843373493975904,0.12903225806451613,5.333333333333333,3.0,handcuff,not_applicable,none
Jacob Saylors,DET,25.0,216.0,00-0038896,0.0,11.0,,0.0,0.0,0.0,0.0,,,2.0,0.0,2.0,0.0037735849056603774,0.0,5.5,4.0,handcuff,not_applicable,none
Zavier Scott,MIN,27.0,216.0,00-0038440,0.05283605283605285,11.0,,6.0,0.0444444444444444,0.0416666666666666,0.0,,0.1186131386861313,32.0,16.0,48.0,0.11510791366906475,0.2077922077922078,4.608695652173913,3.0,handcuff,not_applicable,none
Rasheen Ali,BAL,25.0,216.0,00-0039796,0.0306306306306306,15.0,,3.0,0.0185185185185185,0.0,0.0,0.2745098039215686,0.1876332622601279,7.0,11.0,18.0,0.03870967741935484,0.1506849315068493,5.75,3.0,handcuff,not_applicable,none
Dylan Laube,LV,26.0,216.0,00-0039407,0.0080971659919028,17.0,,0.0,0.0,0.0,0.0,,0.0309810671256454,7.0,4.0,11.0,0.02736318407960199,0.042105263157894736,2.7,3.0,handcuff,not_applicable,none
Chris Collier,LV,26.0,,00-0039244,,6.0,,,,,,,,,2.0,7.0,0.016666666666666666,,,4.0,handcuff,not_applicable,none
Josh Williams,TB,25.0,,00-0040429,0.0,2.0,,0.0,0.0,0.0,0.0,,0.0016611295681063,4.0,0.0,4.0,0.0081799591002045,0.0,2.75,4.0,unconfirmed,not_applicable,none
Kenneth Gainwell,TB,,107.4,00-0036919,0.162835249042146,17.0,,,,,,0.6952380952380952,0.5969125214408233,114.0,85.0,199.0,0.41030927835051545,0.6439393939393939,5.470588235294118,2.0,committee_back,3-down,receiving_lean
Avery Williams,,27.0,215.9,00-0036950,0.0,18.0,,,,,,,,0.0,0.0,0.0,0.0,0.0,,,committee_back,2-down,none
Isaiah Spiller,,23.0,215.9,00-0038045,,,,,,,,,,,,,,,,,unconfirmed,not_applicable,none
Najee Harris,LAC,27.0,215.9,00-0036893,0.031249999999999764,20.0,corrected,1.0,0.0064516129032258,0.0,0.0,,0.0333863275039745,15.0,51.0,329.0,0.5004951282561145,0.043478260869565216,4.777777777777778,1.0,committee_back,2-down,none
Rashaad Penny,,28.0,215.9,00-0034750,,,,,,,,,,,,,,,,,unconfirmed,not_applicable,none
Aaron Shampklin,,25.0,216.0,00-0037609,,3.0,,,,,,,,,0.0,6.0,0.011214953271028038,,,,unconfirmed,not_applicable,none
Alexander Mattison,,27.0,216.0,00-0034972,,14.0,,,,,,,,,48.0,180.0,0.42857142857142855,,,,bellcow,2-down,none
Ameer Abdullah,JAX,33.0,216.0,00-0032104,0.041944847605224954,13.0,,4.0,0.021505376344086,0.0338983050847457,0.0,0.1179487179487179,0.1082474226804123,14.0,17.0,31.0,0.06888888888888889,0.22077922077922077,5.3,4.0,committee_back,2-down,none
Anthony Tyus,CAR,23.0,216.0,,,,,,,,,,,,,,,,,,unconfirmed,not_applicable,none
Antonio Gibson,FA,27.0,216.0,00-0036328,0.02116182572614076,5.0,,4.0,0.0248447204968944,0.0344827586206896,0.08,,0.0308529945553539,25.0,3.0,28.0,0.06153846153846154,0.03614457831325301,4.148148148148148,5.0,handcuff,not_applicable,none
Audric Estime,NO,22.0,216.0,00-0039373,0.07823008849557514,5.0,corrected,6.0,0.0504201680672268,0.1428571428571428,0.0217391304347826,0.2017937219730941,0.1747269890795632,46.0,13.0,59.0,0.15567282321899736,0.16883116883116883,5.189655172413793,4.0,handcuff,not_applicable,none
Austin Ekeler,FA,30.0,216.0,00-0033699,0.13773148148148145,14.0,corrected,2.0,0.0137931034482758,0.0,0.0,0.1058201058201058,0.0862745098039215,14.0,48.0,139.0,0.24108627515671396,0.12727272727272726,4.2631578947368425,4.0,handcuff,not_applicable,none
Benny Snell,,25.0,216.0,00-0035217,,,,,,,,,,,,,,,,,unconfirmed,not_applicable,none
Brian Hill,,27.0,216.0,00-0033567,,,,,,,,,,,,,,,,,unconfirmed,not_applicable,none
Bryant Koback,,26.0,216.0,,,,,,,,,,,,,,,,,,unconfirmed,not_applicable,none
CJ Donaldson,NO,22.0,216.0,,,,,,,,,,,,,,,,,,unconfirmed,not_applicable,none
D'Onta Foreman,,28.0,216.0,00-0033925,,10.0,,,,,,,,,8.0,79.0,0.2,,,,committee_back,2-down,none
Damien Harris,,27.0,216.0,00-0035657,,,,,,,,,,,,,,,,,unconfirmed,not_applicable,none
Damien Martinez,GB,22.0,216.0,,,,,,,,,,,,,,,,,,unconfirmed,not_applicable,none
Dare Ogunbowale,LV,32.0,216.0,00-0033854,0.028545595453371264,14.0,,9.0,0.0573248407643312,0.1111111111111111,0.0,0.3982683982683982,0.1682847896440129,11.0,13.0,24.0,0.05161290322580645,0.17105263157894737,4.809523809523809,2.0,handcuff,not_applicable,none
Deneric Prince,,25.0,216.0,00-0038518,,,,,,,,,,,,,,,,,unconfirmed,not_applicable,none
Dwayne Washington,,30.0,216.0,00-0032450,,,,,,,,,,,,,,,,,unconfirmed,not_applicable,none
Eric Gray,NYG,26.0,216.0,00-0038396,0.0,15.0,,,,,,,,0.0,11.0,25.0,0.05733005733005733,0.0,,4.0,handcuff,not_applicable,none
Gary Brightwell,CIN,28.0,216.0,00-0036569,0.0,3.0,,,,,,,,0.0,0.0,0.0,0.0,0.0,,5.0,unconfirmed,not_applicable,none
J'Mari Taylor,JAX,24.0,216.0,,,,,,,,,,,,,,,,,,unconfirmed,not_applicable,none
Ja'Quinden Jackson,,24.0,216.0,,,,,,,,,,,,,,,,,,unconfirmed,not_applicable,none
JaMycal Hasty,,29.0,216.0,00-0035806,,12.0,,,,,,,,,12.0,32.0,0.07223476297968397,,,,committee_back,2-down,none
Jaleel McLaughlin,DEN,25.0,216.0,00-0038794,0.021832191780821863,8.0,,5.0,0.0301204819277108,0.0555555555555555,0.054054054054054,,0.046801872074883,37.0,6.0,43.0,0.09492273730684327,0.05504587155963303,5.219512195121951,3.0,handcuff,not_applicable,none
Jalen White,,23.0,216.0,,,,,,,,,,,,,,,,,,unconfirmed,not_applicable,none
Jaydn Ott,KC,23.0,216.0,,,,,,,,,,,,,,,,,,unconfirmed,not_applicable,none
Jermar Jefferson,,26.0,216.0,00-0036670,,2.0,,,,,,,,,1.0,7.0,0.011904761904761904,,,,unconfirmed,not_applicable,none
Joe Mixon,FA,29.0,216.0,00-0033897,,14.0,,,,,,,,,52.0,297.0,0.7191283292978208,,,1.0,bellcow,2-down,none
Jonathan Ward,,28.0,216.0,00-0035924,,4.0,,,,,,,,,0.0,5.0,0.009345794392523364,,,,committee_back,2-down,none
Jordan Mims,MIN,27.0,216.0,00-0038678,0.0,9.0,,,,,,,,0.0,18.0,38.0,0.07051728137323127,0.0,,4.0,handcuff,not_applicable,none
Julius Chestnut,TEN,25.0,216.0,00-0037594,0.0040094339622640685,16.0,,4.0,0.0416666666666666,0.0689655172413793,0.0909090909090909,,0.0271565495207667,11.0,2.0,13.0,0.030878859857482184,0.021505376344086023,3.6363636363636362,3.0,handcuff,not_applicable,none
Kalel Mullings,TEN,23.0,216.0,00-0040205,0.0,4.0,,0.0,0.0,0.0,0.0,,0.0063897763578274,3.0,0.0,3.0,0.007125890736342043,0.0,2.3333333333333335,4.0,handcuff,not_applicable,none
Kalen Ballage,,26.0,216.0,00-0034799,,,,,,,,,,,,,,,,,unconfirmed,not_applicable,none
Kareem Hunt,FA,30.0,216.0,00-0033923,0.0455373406193078,17.0,,43.0,0.2544378698224852,0.5,0.0122699386503067,0.7272727272727273,0.4684542586750788,163.0,25.0,188.0,0.43119266055045874,0.2777777777777778,4.165745856353591,2.0,committee_back,3-down,none
Kendall Milton,CIN,24.0,216.0,00-0039266,0.0,1.0,,0.0,0.0,0.0,0.0,,,2.0,0.0,2.0,0.0044943820224719105,0.0,1.0,4.0,unconfirmed,not_applicable,none
Kenny McIntosh,,26.0,216.0,00-0038636,,11.0,,,,,,,,,4.0,35.0,0.08101851851851852,,,,committee_back,2-down,none
Khalil Herbert,SF,28.0,216.0,00-0036906,0.02881355932203376,5.0,corrected,4.0,0.032258064516129,0.0357142857142857,0.0,,0.0536672629695885,16.0,4.0,20.0,0.047961630695443645,0.047619047619047616,3.2941176470588234,2.0,handcuff,not_applicable,none
Lan Larison,NE,24.0,216.0,,,,,,,,,,,,,,,,,,unconfirmed,not_applicable,none
Le'Veon Moss,,,216.0,,,,,,,,,,,,,,,,,,unconfirmed,not_applicable,none
Marlon Mack,,28.0,216.0,00-0033951,,,,,,,,,,,,,,,,,unconfirmed,not_applicable,none
Matt Breida,,29.0,216.0,00-0033308,,,,,,,,,,,,,,,,,unconfirmed,not_applicable,none
Michael Carter,TEN,27.0,216.0,00-0036501,0.09537464156588958,13.0,corrected,15.0,0.0955414012738853,0.1111111111111111,0.0217391304347826,0.2901785714285714,0.3769338959212377,,,,,,,,bellcow,2-down,none
Miles Sanders,,28.0,216.0,00-0035243,0.056013179571663824,4.0,corrected,7.0,0.0360824742268041,0.0612244897959183,0.05,,0.0516717325227963,20.0,8.0,28.0,0.060215053763440864,0.0975609756097561,5.25,,committee_back,2-down,none
Montrell Johnson,,23.0,216.0,,,,,,,,,,,,,,,,,,unconfirmed,not_applicable,none
Nathan Carter,ATL,24.0,216.0,,,,,,,,,,,,,,,,,,unconfirmed,not_applicable,none
Nick Chubb,FA,30.0,216.0,00-0034791,0.0409885473176612,15.0,,15.0,0.0955414012738853,0.1666666666666666,0.0327868852459016,0.0995670995670995,0.2621359223300971,122.0,20.0,142.0,0.3053763440860215,0.2631578947368421,4.2444444444444445,3.0,handcuff,not_applicable,none
Noah Whittington,HOU,24.0,216.0,,,,,,,,,,,,,,,,,,unconfirmed,not_applicable,none
Pierre Strong,GB,27.0,216.0,00-0038098,,13.0,,,,,,,,,22.0,48.0,0.12151898734177215,,,2.0,handcuff,not_applicable,none
Raheem Blackshear,DET,28.0,216.0,00-0037429,,16.0,,,,,,,,,0.0,15.0,0.034722222222222224,,,3.0,handcuff,not_applicable,none
Raheim Sanders,CLE,24.0,216.0,00-0040466,0.03256704980842893,4.0,corrected,7.0,0.059322033898305,0.1428571428571428,0.0,,0.0343698854337152,27.0,4.0,31.0,0.0649895178197065,0.03305785123966942,3.7666666666666666,3.0,handcuff,not_applicable,none
Roman Hemby,LV,23.0,216.0,,,,,,,,,,,,,,,,,,unconfirmed,not_applicable,none
Ronald Jones,,26.0,216.0,00-0034816,,,,,,,,,,,,,,,,,unconfirmed,not_applicable,none
Sione Vaki,DET,25.0,216.0,00-0039364,0.0,8.0,,0.0,0.0,0.0,0.0,,,1.0,0.0,1.0,0.0018867924528301887,0.0,4.0,5.0,handcuff,not_applicable,none
Theo Riddick,,30.0,216.0,00-0030107,,,,,,,,,,,,,,,,,unconfirmed,not_applicable,none
Trayveon Williams,,28.0,216.0,00-0035291,0.04687499999999994,6.0,corrected,2.0,0.0169491525423728,0.0,0.0,0.1617021276595744,0.0949263502454991,10.0,9.0,19.0,0.039832285115303984,0.0743801652892562,5.055555555555555,,committee_back,2-down,none
Tre Stewart,,23.0,216.0,,,,,,,,,,,,,,,,,,unconfirmed,not_applicable,none
Trey Sermon,,26.0,216.0,00-0036984,0.0,18.0,,,,,,,,0.0,19.0,75.0,0.13706140350877194,0.0,,,committee_back,2-down,none
Tyler Goodson,ATL,25.0,216.0,00-0037120,0.009622641509433849,10.0,,1.0,0.0053763440860215,0.0,0.0,,0.0395189003436426,9.0,3.0,12.0,0.02666666666666667,0.03896103896103896,2.909090909090909,3.0,handcuff,not_applicable,none
Wayne Gallman,,28.0,216.0,00-0033950,,,,,,,,,,,,,,,,,unconfirmed,not_applicable,none
