player_name,position,team,adp,adp_rank,projection_points,sportsbook_half_ppr_points,adp_position_rank,sportsbook_position_rank,position_rank_gap,projection_gap,projection_gap_pct,categories_available
Jahmyr Gibbs,RB,DET,1.1,1.0,337.2,297.15,RB1,RB1,0.0,-40.05,-11.877,5
Puka Nacua,WR,LAR,4.0,4.0,281.3,237.7,WR2,WR2,0.0,-43.6,-15.499,4
Trey McBride,TE,ARI,29.0,28.0,199.8,187.7,TE2,TE1,1.0,-12.1,-6.056,3
Josh Allen,QB,BUF,35.7,36.0,372.2,361.93,QB1,QB1,0.0,-10.27,-2.759,4
Bijan Robinson,RB,ATL,2.0,2.0,332.2,279.65,RB2,RB2,0.0,-52.55,-15.819,5
Ja'Marr Chase,WR,CIN,3.1,3.0,275.4,251.3,WR1,WR1,0.0,-24.1,-8.751,4
Brock Bowers,TE,LV,19.7,20.0,195.5,180.5,TE1,TE2,-1.0,-15.0,-7.673,4
Drake Maye,QB,NE,66.7,66.0,326.9,321.43,QB3,QB2,1.0,-5.47,-1.673,4
Jaxon Smith-Njigba,WR,SEA,5.5,5.0,268.6,237.5,WR3,WR3,0.0,-31.1,-11.579,4
Christian McCaffrey,RB,SF,6.0,6.0,295.7,264.65,RB3,RB3,0.0,-31.05,-10.501,5
Colston Loveland,TE,CHI,46.0,46.0,170.3,150.6,TE3,TE3,0.0,-19.7,-11.568,4
Lamar Jackson,QB,BAL,55.2,55.0,325.0,306.43,QB2,QB7,-5.0,-18.57,-5.714,4
Amon-Ra St. Brown,WR,DET,7.1,7.0,261.1,235.8,WR4,WR4,0.0,-25.3,-9.69,4
Jonathan Taylor,RB,IND,8.1,8.0,289.9,245.75,RB4,RB4,0.0,-44.15,-15.229,5
Tyler Warren,TE,IND,63.8,65.0,160.7,149.6,TE4,TE4,0.0,-11.1,-6.907,4
Jayden Daniels,QB,WAS,67.9,67.0,324.6,306.93,QB4,QB6,-2.0,-17.67,-5.444,4
Derrick Henry,RB,BAL,17.4,17.0,264.2,227.75,RB11,RB6,5.0,-36.45,-13.796,5
Drake London,WR,ATL,21.0,21.0,238.3,200.3,WR8,WR7,1.0,-38.0,-15.946,4
Jalen Hurts,QB,PHI,71.6,70.0,320.6,313.43,QB6,QB5,1.0,-7.17,-2.236,4
Kyle Pitts,TE,ATL,103.8,103.0,155.9,139.2,TE8,TE5,3.0,-16.7,-10.712,3
CeeDee Lamb,WR,DAL,9.6,9.0,224.2,212.3,WR5,WR5,0.0,-11.9,-5.308,4
De'Von Achane,RB,MIA,18.1,18.0,259.3,213.6,RB12,RB8,4.0,-45.7,-17.624,5
Jaxson Dart,QB,NYG,101.1,101.0,311.8,281.97,QB13,QB16,-3.0,-29.83,-9.567,4
Harold Fannin,TE,CLE,102.4,102.0,149.7,138.2,TE7,TE6,1.0,-11.5,-7.682,4
James Cook,RB,BUF,11.4,11.0,253.5,239.75,RB5,RB5,0.0,-13.75,-5.424,5
Rashee Rice,WR,KC,25.1,24.0,224.0,185.3,WR11,WR9,2.0,-38.7,-17.277,4
Joe Burrow,QB,CIN,68.5,69.0,311.0,315.78,QB5,QB4,1.0,4.78,1.537,4
Sam LaPorta,TE,DET,91.7,93.0,148.4,120.5,TE6,TE14,-8.0,-27.9,-18.801,4
Justin Jefferson,WR,MIN,10.3,10.0,220.3,200.8,WR6,WR6,0.0,-19.5,-8.852,4
Ashton Jeanty,RB,LV,11.5,12.0,247.5,217.75,RB6,RB7,-1.0,-29.75,-12.02,5
Brock Purdy,QB,SF,99.5,99.0,307.4,304.18,QB12,QB8,4.0,-3.22,-1.047,4
Dallas Goedert,TE,PHI,134.6,135.0,146.5,110.95,TE15,TE20,-5.0,-35.55,-24.266,3
Chase Brown,RB,CIN,15.9,16.0,245.7,203.65,RB10,RB12,-2.0,-42.05,-17.114,5
A.J. Brown,WR,NE,18.6,19.0,213.1,197.3,WR7,WR8,-1.0,-15.8,-7.414,4
Tucker Kraft,TE,GB,79.5,78.0,145.2,133.45,TE5,TE8,-3.0,-11.75,-8.092,3
Dak Prescott,QB,DAL,80.5,79.0,306.1,291.18,QB8,QB14,-6.0,-14.92,-4.874,4
Saquon Barkley,RB,PHI,13.5,13.0,245.2,213.15,RB7,RB9,-2.0,-32.05,-13.071,5
George Pickens,WR,DAL,23.5,23.0,210.8,177.3,WR10,WR13,-3.0,-33.5,-15.892,4
Trevor Lawrence,QB,JAX,85.7,85.0,304.0,316.88,QB10,QB3,7.0,12.88,4.237,4
Travis Kelce,TE,KC,121.3,121.0,144.4,127.7,TE10,TE10,0.0,-16.7,-11.565,3
Chris Olave,WR,NO,30.0,30.0,210.6,177.3,WR14,WR14,0.0,-33.3,-15.812,4
Josh Jacobs,RB,GB,41.1,42.0,239.1,188.1,RB18,RB16,2.0,-51.0,-21.33,5
Patrick Mahomes,QB,KC,95.2,95.0,303.6,300.68,QB11,QB9,2.0,-2.92,-0.962,4
George Kittle,TE,SF,114.1,115.0,138.6,133.95,TE9,TE7,2.0,-4.65,-3.355,3
Omarion Hampton,RB,LAC,14.6,14.0,237.7,212.35,RB8,RB10,-2.0,-25.35,-10.665,5
Nico Collins,WR,HOU,22.7,22.0,207.2,183.5,WR9,WR11,-2.0,-23.7,-11.438,4
Justin Herbert,QB,LAC,82.8,82.0,300.2,299.82,QB9,QB10,-1.0,-0.38,-0.127,4
Mark Andrews,TE,BAL,126.1,125.0,134.1,120.15,TE11,TE15,-4.0,-13.95,-10.403,4
Breece Hall,RB,NYJ,29.5,29.0,229.8,185.95,RB14,RB17,-3.0,-43.85,-19.082,5
Zay Flowers,WR,BAL,30.3,31.0,203.3,173.1,WR15,WR15,0.0,-30.2,-14.855,4
Caleb Williams,QB,CHI,72.3,72.0,298.7,299.28,QB7,QB11,-4.0,0.58,0.194,4
Isaiah Likely,TE,NYG,127.6,129.0,133.9,126.3,TE13,TE11,2.0,-7.6,-5.676,3
Kenneth Walker,RB,KC,15.2,15.0,228.7,197.65,RB9,RB14,-5.0,-31.05,-13.577,5
Garrett Wilson,WR,NYJ,40.0,40.0,194.0,170.8,WR21,WR17,4.0,-23.2,-11.959,4
Bo Nix,QB,DEN,106.6,105.0,297.9,294.98,QB15,QB12,3.0,-2.92,-0.98,4
Dalton Kincaid,TE,BUF,126.5,126.0,131.2,108.95,TE12,TE21,-9.0,-22.25,-16.959,3
Jeremiyah Love,RB,ARI,26.8,25.0,228.1,193.15,RB13,RB15,-2.0,-34.95,-15.322,5
DeVonta Smith,WR,PHI,27.4,26.0,192.8,178.3,WR12,WR12,0.0,-14.5,-7.521,4
Matthew Stafford,QB,LAR,105.9,104.0,294.0,281.88,QB14,QB17,-3.0,-12.12,-4.122,3
Jake Ferguson,TE,DAL,131.3,132.0,130.6,112.7,TE14,TE19,-5.0,-17.9,-13.706,3
Malik Nabers,WR,NYG,27.4,27.0,192.3,184.3,WR13,WR10,3.0,-8.0,-4.16,4
Kyren Williams,RB,LAR,32.2,33.0,223.1,206.85,RB15,RB11,4.0,-16.25,-7.284,5
Jared Goff,QB,DET,109.7,110.0,287.4,293.28,QB16,QB13,3.0,5.88,2.046,4
Hunter Henry,TE,NE,152.6,153.0,125.5,124.5,TE19,TE12,7.0,-1.0,-0.797,3
Emeka Egbuka,WR,TB,31.8,32.0,191.8,168.8,WR16,WR19,-3.0,-23.0,-11.992,4
Cam Skattebo,RB,NYG,43.6,43.0,221.6,181.15,RB19,RB19,0.0,-40.45,-18.254,5
Tyler Shough,QB,NO,123.3,124.0,286.4,272.28,QB20,QB20,0.0,-14.12,-4.93,4
Juwan Johnson,TE,NO,156.3,159.0,121.9,108.45,TE20,TE22,-2.0,-13.45,-11.034,3
Javonte Williams,RB,DAL,36.3,37.0,217.4,200.35,RB16,RB13,3.0,-17.05,-7.843,5
Tetairoa McMillan,WR,CAR,38.9,38.0,188.7,170.8,WR19,WR18,1.0,-17.9,-9.486,4
Baker Mayfield,QB,TB,118.6,119.0,282.5,288.58,QB19,QB15,4.0,6.08,2.152,4
Brenton Strange,TE,JAX,150.1,150.0,121.4,129.5,TE17,TE9,8.0,8.1,6.672,3
Travis Etienne,RB,NO,40.4,41.0,209.6,174.65,RB17,RB20,-3.0,-34.95,-16.675,5
Davante Adams,WR,LAR,51.0,51.0,187.8,164.7,WR25,WR21,4.0,-23.1,-12.3,3
Kyler Murray,QB,MIN,112.4,113.0,280.3,278.2,QB17,QB18,-1.0,-2.1,-0.749,4
Dalton Schultz,TE,HOU,168.5,168.0,115.7,106.0,TE22,TE23,-1.0,-9.7,-8.384,3
Tee Higgins,WR,CIN,34.0,34.0,186.2,171.3,WR17,WR16,1.0,-14.9,-8.002,4
D'Andre Swift,RB,CHI,49.8,49.0,205.3,172.15,RB21,RB22,-1.0,-33.15,-16.147,5
Daniel Jones,QB,IND,147.0,148.0,274.6,238.54,QB25,QB27,-2.0,-36.06,-13.132,4
T.J. Hockenson,TE,MIN,170.7,170.0,108.7,122.0,TE23,TE13,10.0,13.3,12.236,3
Jameson Williams,WR,DET,51.9,52.0,185.1,157.35,WR26,WR26,0.0,-27.75,-14.992,4
Bucky Irving,RB,TB,55.5,56.0,204.0,183.3,RB25,RB18,7.0,-20.7,-10.147,5
Malik Willis,QB,MIA,135.0,137.0,269.7,277.18,QB21,QB19,2.0,7.48,2.773,4
Pat Freiermuth,TE,PIT,193.9,195.0,107.4,102.9,TE29,TE25,4.0,-4.5,-4.19,3
Terry McLaurin,WR,WAS,44.2,45.0,178.6,161.9,WR23,WR23,0.0,-16.7,-9.351,4
Quinshon Judkins,RB,CLE,53.7,54.0,194.5,170.75,RB24,RB23,1.0,-23.75,-12.211,5
Jordan Love,QB,GB,113.4,114.0,267.7,272.18,QB18,QB21,-3.0,4.48,1.674,4
Greg Dulcich,TE,MIA,179.0,178.0,106.2,87.4,TE25,TE28,-3.0,-18.8,-17.702,3
Bhayshul Tuten,RB,JAX,50.6,50.0,193.8,153.85,RB22,RB25,-3.0,-39.95,-20.614,5
Rome Odunze,WR,CHI,59.9,60.0,178.1,150.05,WR30,WR30,0.0,-28.05,-15.75,4
Sam Darnold,QB,SEA,142.5,143.0,266.5,269.68,QB23,QB22,1.0,3.18,1.193,4
Kenyon Sadiq,TE,NYJ,162.3,164.0,104.5,105.1,TE21,TE24,-3.0,0.6,0.574,4
TreVeyon Henderson,RB,NE,53.6,53.0,182.7,158.45,RB23,RB24,-1.0,-24.25,-13.273,5
Alec Pierce,WR,IND,81.5,80.0,175.5,150.9,WR38,WR29,9.0,-24.6,-14.017,4
C.J. Stroud,QB,HOU,145.0,144.0,260.7,267.98,QB24,QB23,1.0,7.28,2.792,4
Cade Otton,TE,TB,189.3,191.0,101.7,100.0,TE28,TE27,1.0,-1.7,-1.672,3
Ladd McConkey,WR,LAC,34.7,35.0,174.1,159.4,WR18,WR24,-6.0,-14.7,-8.443,4
David Montgomery,RB,HOU,48.5,48.0,176.8,174.45,RB20,RB21,-1.0,-2.35,-1.329,5
Bryce Young,QB,CAR,160.6,162.0,249.0,241.48,QB26,QB25,1.0,-7.52,-3.02,4
AJ Barner,TE,SEA,174.8,174.0,100.1,113.4,TE24,TE18,6.0,13.3,13.287,5
DJ Moore,WR,BUF,56.1,57.0,173.3,154.1,WR27,WR27,0.0,-19.2,-11.079,4
Jadarian Price,RB,SEA,62.4,62.0,176.6,143.75,RB26,RB28,-2.0,-32.85,-18.601,5
Chig Okonkwo,TE,WAS,139.5,139.0,99.6,113.6,TE16,TE17,-1.0,14.0,14.056,3
Geno Smith,QB,NYJ,186.5,186.0,233.2,244.48,QB29,QB24,5.0,11.28,4.837,4
Jaylen Waddle,WR,DEN,39.6,39.0,172.5,159.0,WR20,WR25,-5.0,-13.5,-7.826,4
Tony Pollard,RB,TEN,75.0,75.0,175.1,151.65,RB28,RB26,2.0,-23.45,-13.392,5
Oronde Gadsden,TE,LAC,152.1,152.0,96.7,113.8,TE18,TE16,2.0,17.1,17.684,3
Jacoby Brissett,QB,ARI,192.4,193.0,232.4,173.0,QB30,QB30,0.0,-59.4,-25.559,4
Luther Burden,WR,CHI,43.7,44.0,171.8,168.1,WR22,WR20,2.0,-3.7,-2.154,4
Jaylen Warren,RB,PIT,71.9,71.0,173.7,143.15,RB27,RB29,-2.0,-30.55,-17.588,5
Cam Ward,QB,TEN,141.4,141.0,232.2,240.18,QB22,QB26,-4.0,7.98,3.437,4
Terrance Ferguson,TE,LAR,180.5,180.0,94.7,71.5,TE26,TE30,-4.0,-23.2,-24.498,3
Mike Evans,WR,SF,47.7,47.0,170.2,152.7,WR24,WR28,-4.0,-17.5,-10.282,3
Rico Dowdle,RB,PIT,87.3,88.0,171.7,146.25,RB32,RB27,5.0,-25.45,-14.822,5
Aaron Rodgers,QB,PIT,177.3,176.0,224.5,217.98,QB27,QB28,-1.0,-6.52,-2.904,3
Mike Gesicki,TE,CIN,207.2,206.0,91.2,83.9,TE30,TE29,1.0,-7.3,-8.004,3
Chuba Hubbard,RB,CAR,83.4,83.0,168.2,139.75,RB30,RB31,-1.0,-28.45,-16.914,5
Courtland Sutton,WR,DEN,84.1,84.0,169.7,145.95,WR40,WR32,8.0,-23.75,-13.995,3
Fernando Mendoza,QB,LV,183.6,184.0,193.1,177.38,QB28,QB29,-1.0,-15.72,-8.141,4
Evan Engram,TE,DEN,212.3,216.0,90.0,55.2,TE33,TE43,-10.0,-34.8,-38.667,3
Marvin Harrison,WR,ARI,68.3,68.0,163.7,146.45,WR34,WR31,3.0,-17.25,-10.538,3
Rhamondre Stevenson,RB,NE,75.8,76.0,167.5,137.35,RB29,RB32,-3.0,-30.15,-18.0,5
Gunnar Helm,TE,TEN,180.9,181.0,87.0,101.8,TE27,TE26,1.0,14.8,17.011,3
Tua Tagovailoa,QB,ATL,208.8,207.0,164.5,145.94,QB31,QB31,0.0,-18.56,-11.283,3
Christian Watson,WR,GB,57.1,58.0,162.8,143.1,WR28,WR35,-7.0,-19.7,-12.101,4
J.K. Dobbins,RB,DEN,97.0,97.0,161.8,141.45,RB36,RB30,6.0,-20.35,-12.577,5
Shedeur Sanders,QB,CLE,212.1,215.0,131.8,106.12,QB32,QB34,-2.0,-25.68,-19.484,4
Mason Taylor,TE,NYJ,215.8,271.0,75.4,60.8,TE42,TE40,2.0,-14.6,-19.363,3
DK Metcalf,WR,PIT,76.1,77.0,162.7,145.7,WR37,WR33,4.0,-17.0,-10.449,4
RJ Harvey,RB,DEN,86.7,86.0,154.6,127.6,RB31,RB36,-5.0,-27.0,-17.464,5
Colby Parkinson,TE,LAR,210.8,213.0,74.7,63.8,TE32,TE35,-3.0,-10.9,-14.592,3
Deshaun Watson,QB,CLE,215.4,243.0,108.0,112.06,QB35,QB33,2.0,4.06,3.759,4
Jakobi Meyers,WR,JAX,107.5,107.0,150.4,134.05,WR47,WR43,4.0,-16.35,-10.871,4
Rachaad White,RB,WAS,108.7,109.0,147.8,113.1,RB38,RB41,-3.0,-34.7,-23.478,5
David Njoku,TE,LAC,212.9,220.0,73.1,64.2,TE34,TE34,0.0,-8.9,-12.175,3
Michael Penix,QB,ATL,215.3,242.0,83.6,115.38,QB34,QB32,2.0,31.78,38.014,4
Michael Pittman,WR,PIT,99.2,98.0,149.7,137.9,WR45,WR40,5.0,-11.8,-7.882,4
Aaron Jones,RB,MIN,122.9,123.0,145.6,120.75,RB41,RB39,2.0,-24.85,-17.067,5
Kirk Cousins,QB,LV,214.8,232.0,47.2,46.16,QB33,QB36,-3.0,-1.04,-2.203,3
Michael Mayer,TE,LV,215.0,239.0,70.1,63.8,TE37,TE36,1.0,-6.3,-8.987,3
Parker Washington,WR,JAX,63.4,63.0,148.4,163.75,WR32,WR22,10.0,15.35,10.344,4
Kyle Monangai,RB,CHI,96.7,96.0,144.5,134.95,RB35,RB33,2.0,-9.55,-6.609,5
Dawson Knox,TE,BUF,215.8,264.0,64.6,62.4,TE43,TE38,5.0,-2.2,-3.406,3
Carnell Tate,WR,TEN,59.4,59.0,148.2,138.8,WR29,WR37,-8.0,-9.4,-6.343,4
Carson Beck,QB,ARI,215.7,259.0,23.1,60.92,QB36,QB35,1.0,37.82,163.723,4
Theo Johnson,TE,NYG,215.7,262.0,62.4,61.5,TE41,TE39,2.0,-0.9,-1.442,3
Brian Thomas,WR,JAX,62.3,61.0,147.7,132.15,WR31,WR45,-14.0,-15.55,-10.528,4
Jacory Croskey-Merritt,RB,WAS,118.1,118.0,138.0,118.95,RB40,RB40,0.0,-19.05,-13.804,5
Darnell Washington,TE,PIT,215.0,237.0,58.6,71.4,TE38,TE31,7.0,12.8,21.843,3
J.J. McCarthy,QB,MIN,215.8,268.0,22.5,20.62,QB37,QB47,-10.0,-1.88,-8.356,4
Jonathon Brooks,RB,CAR,91.6,92.0,131.4,110.5,RB34,RB42,-8.0,-20.9,-15.906,5
Wan'Dale Robinson,WR,TEN,111.5,112.0,147.4,129.45,WR49,WR50,-1.0,-17.95,-12.178,4
Jayden Reed,WR,GB,82.5,81.0,144.9,144.25,WR39,WR34,5.0,-0.65,-0.449,4
Jordan Mason,RB,MIN,110.5,111.0,131.3,130.95,RB39,RB34,5.0,-0.35,-0.267,5
Cole Kmet,TE,CHI,215.9,279.0,53.3,62.7,TE44,TE37,7.0,9.4,17.636,3
Blake Corum,RB,LAR,90.6,91.0,130.6,121.55,RB33,RB38,-5.0,-9.05,-6.93,4
Deebo Samuel,WR,SF,139.4,138.0,144.0,129.7,WR58,WR48,10.0,-14.3,-9.931,5
Ja'Tavion Sanders,TE,CAR,215.9,288.0,53.3,29.3,TE45,TE55,-10.0,-24.0,-45.028,3
Quentin Johnston,WR,LAC,74.9,74.0,143.0,125.05,WR36,WR52,-16.0,-17.95,-12.552,4
Alvin Kamara,RB,NO,164.1,166.0,113.9,55.0,RB52,RB58,-6.0,-58.9,-51.712,5
Michael Wilson,WR,ARI,95.0,94.0,142.9,132.55,WR44,WR44,0.0,-10.35,-7.243,4
Tyjae Spears,RB,TEN,153.1,154.0,113.4,99.1,RB47,RB44,3.0,-14.3,-12.61,5
Chris Godwin,WR,TB,90.1,90.0,141.9,131.55,WR43,WR46,-3.0,-10.35,-7.294,4
Zach Charbonnet,RB,SEA,161.6,163.0,113.2,63.7,RB51,RB49,2.0,-49.5,-43.728,5
Jordan Addison,WR,MIN,88.6,89.0,141.3,129.65,WR42,WR49,-7.0,-11.65,-8.245,4
Woody Marks,RB,HOU,141.4,142.0,112.3,76.3,RB45,RB47,-2.0,-36.0,-32.057,5
Erick All,TE,CIN,215.5,247.0,45.8,,TE40,,,,,0
Jordyn Tyson,WR,NO,63.7,64.0,140.9,134.7,WR33,WR42,-9.0,-6.2,-4.4,4
Tyrone Tracy,RB,NYG,134.4,134.0,106.7,102.8,RB43,RB43,0.0,-3.9,-3.655,5
Charlie Kolar,TE,LAC,214.9,234.0,45.3,30.4,TE36,TE54,-18.0,-14.9,-32.892,4
Xavier Worthy,WR,KC,99.6,100.0,139.7,131.45,WR46,WR47,-1.0,-8.25,-5.906,5
Isiah Pacheco,RB,DET,152.0,151.0,105.4,50.6,RB46,RB65,-19.0,-54.8,-51.992,4
Josh Downs,WR,IND,87.2,87.0,136.4,141.6,WR41,WR36,5.0,5.2,3.812,4
Justice Hill,RB,BAL,214.0,225.0,98.9,55.7,RB67,RB57,10.0,-43.2,-43.68,5
Khalil Shakir,WR,BUF,126.5,127.0,135.6,121.95,WR54,WR53,1.0,-13.65,-10.066,4
Chris Rodriguez,RB,JAX,129.3,130.0,92.1,127.0,RB42,RB37,5.0,34.9,37.894,4
Eli Stowers,TE,PHI,210.7,212.0,42.5,65.9,TE31,TE33,-2.0,23.4,55.059,4
Jarrett Stidham,QB,DEN,215.9,290.0,11.3,13.22,QB38,QB68,-30.0,1.92,16.991,3
Makai Lemon,WR,PHI,73.6,73.0,134.0,138.5,WR35,WR39,-4.0,4.5,3.358,4
Brian Robinson,RB,ATL,175.9,175.0,89.7,63.4,RB54,RB50,4.0,-26.3,-29.32,4
Romeo Doubs,WR,NE,116.2,116.0,132.5,120.45,WR50,WR54,-4.0,-12.05,-9.094,3
Dylan Sampson,RB,CLE,171.9,171.0,88.7,79.2,RB53,RB46,7.0,-9.5,-10.71,5
Rashid Shaheed,WR,SEA,130.1,131.0,131.7,101.05,WR56,WR62,-6.0,-30.65,-23.273,4
Samaje Perine,RB,CIN,215.5,250.0,87.4,51.6,RB72,RB63,9.0,-35.8,-40.961,4
Tyler Allgeier,RB,ARI,156.0,158.0,86.8,67.4,RB48,RB48,0.0,-19.4,-22.35,4
John Metchie,WR,CAR,215.9,292.0,130.4,38.8,WR115,WR116,-1.0,-91.6,-70.245,4
Matthew Golden,WR,GB,107.9,108.0,128.4,129.05,WR48,WR51,-3.0,0.65,0.506,4
Elijah Arroyo,TE,SEA,215.9,281.0,38.7,57.7,TE46,TE41,5.0,19.0,49.096,3
Calvin Ridley,WR,TEN,188.3,188.0,128.4,63.8,WR76,WR94,-18.0,-64.6,-50.312,4
Ty Johnson,RB,BUF,215.6,256.0,83.8,47.3,RB74,RB69,5.0,-36.5,-43.556,5
Jalen Coker,WR,CAR,127.4,128.0,124.6,135.9,WR55,WR41,14.0,11.3,9.069,4
Jordan James,RB,SF,214.0,224.0,83.7,54.2,RB68,RB59,9.0,-29.5,-35.245,4
Eli Raridon,TE,NE,215.4,244.0,37.1,26.0,TE39,TE63,-24.0,-11.1,-29.919,3
Braelon Allen,RB,NYJ,213.2,221.0,79.5,47.2,RB65,RB70,-5.0,-32.3,-40.629,4
Tre Tucker,WR,LV,156.0,157.0,116.9,98.65,WR66,WR63,3.0,-18.25,-15.612,4
Emari Demercado,RB,KC,215.8,266.0,74.4,32.3,RB77,RB78,-1.0,-42.1,-56.586,4
Tank Dell,WR,HOU,184.4,185.0,116.3,57.4,WR75,WR100,-25.0,-58.9,-50.645,4
Mike Washington,RB,LV,198.5,198.0,70.1,57.5,RB60,RB56,4.0,-12.6,-17.974,5
KC Concepcion,WR,CLE,117.6,117.0,115.4,118.35,WR51,WR55,-4.0,2.95,2.556,4
Kaelon Black,RB,SF,202.2,200.0,68.6,39.3,RB61,RB75,-14.0,-29.3,-42.711,4
Tank Bigsby,RB,PHI,159.8,160.0,65.6,63.2,RB49,RB51,-2.0,-2.4,-3.659,4
Jerry Jeudy,WR,CLE,178.5,177.0,115.1,102.45,WR72,WR61,11.0,-12.65,-10.99,4
Jayden Higgins,WR,HOU,122.3,122.0,113.3,116.55,WR53,WR56,-3.0,3.25,2.868,4
Keaton Mitchell,RB,LAC,134.8,136.0,64.9,89.9,RB44,RB45,-1.0,25.0,38.521,5
Jake Tonges,TE,SF,214.4,228.0,33.1,55.8,TE35,TE42,-7.0,22.7,68.58,3
Rashod Bateman,WR,BAL,202.5,201.0,113.1,70.1,WR81,WR91,-10.0,-43.0,-38.019,3
Malik Davis,RB,DAL,215.9,299.0,62.4,30.7,RB80,RB80,0.0,-31.7,-50.801,4
Jalen McMillan,WR,TB,145.9,147.0,110.6,105.4,WR62,WR58,4.0,-5.2,-4.702,4
Adam Randall,RB,BAL,215.8,263.0,61.0,26.1,RB78,RB89,-11.0,-34.9,-57.213,4
Jauan Jennings,WR,MIN,155.6,156.0,109.6,86.2,WR65,WR68,-3.0,-23.4,-21.35,3
Jalen Nailor,WR,LV,149.5,149.0,108.5,107.6,WR63,WR57,6.0,-0.9,-0.829,4
Kimani Vidal,RB,LAC,213.2,222.0,55.1,53.0,RB66,RB62,4.0,-2.1,-3.811,4
De'Zhaun Stribling,WR,SF,145.3,146.0,106.4,105.4,WR61,WR59,2.0,-1.0,-0.94,3
James Conner,RB,ARI,214.5,230.0,52.5,53.7,RB70,RB61,9.0,1.2,2.286,5
Adonai Mitchell,WR,NYJ,172.2,172.0,103.8,80.8,WR70,WR72,-2.0,-23.0,-22.158,4
Emanuel Wilson,RB,SEA,215.9,282.0,47.4,51.0,RB81,RB64,17.0,3.6,7.595,4
Antonio Williams,WR,WAS,173.8,173.0,103.6,61.2,WR71,WR96,-25.0,-42.4,-40.927,4
Jaylen Wright,RB,MIA,215.5,249.0,47.0,41.1,RB73,RB74,-1.0,-5.9,-12.553,4
Cooper Kupp,WR,SEA,209.3,209.0,101.4,70.4,WR85,WR90,-5.0,-31.0,-30.572,3
Ben Sinnott,TE,WAS,215.9,275.0,25.7,22.0,TE48,TE82,-34.0,-3.7,-14.397,3
Denzel Boston,WR,CLE,154.3,155.0,99.8,93.15,WR64,WR66,-2.0,-6.65,-6.663,4
Omar Cooper,WR,NYJ,145.1,145.0,97.3,104.6,WR60,WR60,0.0,7.3,7.503,4
Jaydon Blue,RB,DAL,181.7,183.0,42.1,41.4,RB55,RB73,-18.0,-0.7,-1.663,4
MarShawn Lloyd,RB,GB,189.2,190.0,39.9,48.3,RB57,RB68,-11.0,8.4,21.053,4
Germie Bernard,WR,PIT,193.7,194.0,95.8,80.9,WR78,WR71,7.0,-14.9,-15.553,4
Travis Hunter,WR,JAX,140.7,140.0,90.8,79.1,WR59,WR74,-15.0,-11.7,-12.885,4
Isaiah Davis,RB,NYJ,215.8,267.0,38.3,54.0,RB79,RB60,19.0,15.7,40.992,4
George Holani,RB,SEA,212.4,217.0,37.1,23.2,RB64,RB95,-31.0,-13.9,-37.466,4
Xavier Legette,WR,CAR,214.8,233.0,90.8,54.0,WR94,WR106,-12.0,-36.8,-40.529,4
Jalen Milroe,QB,SEA,215.9,289.0,9.0,14.86,QB39,QB49,-10.0,5.86,65.111,3
Kayshon Boutte,WR,NE,195.6,196.0,89.5,79.1,WR79,WR75,4.0,-10.4,-11.62,3
LeQuint Allen,RB,JAX,215.7,261.0,34.9,47.2,RB76,RB71,5.0,12.3,35.244,5
Sean Tucker,RB,TB,191.2,192.0,34.4,50.5,RB58,RB66,-8.0,16.1,46.802,4
Darnell Mooney,WR,NYG,201.3,199.0,87.5,49.1,WR80,WR111,-31.0,-38.4,-43.886,4
Malik Washington,WR,MIA,181.4,182.0,85.3,82.2,WR74,WR69,5.0,-3.1,-3.634,4
Ja'Kobi Lane,WR,BAL,212.7,219.0,85.0,74.1,WR90,WR84,6.0,-10.9,-12.824,4
Ollie Gordon,RB,MIA,215.6,255.0,32.7,21.7,RB75,RB98,-23.0,-11.0,-33.639,4
Ray Davis,RB,BUF,188.1,187.0,32.0,60.6,RB56,RB54,2.0,28.6,89.375,4
Darius Slayton,WR,NYG,215.6,253.0,83.2,72.6,WR104,WR86,18.0,-10.6,-12.74,3
Emmett Johnson,RB,KC,198.3,197.0,31.9,61.2,RB59,RB52,7.0,29.3,91.85,5
Troy Franklin,WR,DEN,213.8,223.0,81.6,70.6,WR91,WR89,2.0,-11.0,-13.48,4
Tyquan Thornton,WR,KC,210.6,211.0,80.0,52.6,WR87,WR107,-20.0,-27.4,-34.25,3
DJ Giddens,RB,IND,214.7,231.0,31.6,27.0,RB71,RB88,-17.0,-4.6,-14.557,4
Zachariah Branch,WR,ATL,180.3,179.0,79.4,82.1,WR73,WR70,3.0,2.7,3.401,3
Jonah Coleman,RB,DEN,159.9,161.0,28.7,60.9,RB50,RB53,-3.0,32.2,112.195,5
Tory Horton,WR,SEA,212.6,218.0,79.3,76.5,WR89,WR78,11.0,-2.8,-3.531,4
Christian Kirk,WR,SF,215.1,240.0,76.9,36.9,WR98,WR117,-19.0,-40.0,-52.016,4
Devaughn Vele,WR,NO,214.9,235.0,76.7,74.5,WR95,WR83,12.0,-2.2,-2.868,4
Hollywood Brown,WR,PHI,215.9,285.0,73.9,55.0,WR116,WR104,12.0,-18.9,-25.575,3
Andrei Iosivas,WR,CIN,215.2,241.0,73.8,75.3,WR99,WR81,18.0,1.5,2.033,4
Ryan Flournoy,WR,DAL,162.8,165.0,72.4,97.7,WR67,WR64,3.0,25.3,34.945,4
Isaac TeSlaa,WR,DET,169.3,169.0,72.4,88.9,WR69,WR67,2.0,16.5,22.79,4
Tre' Harris,WR,LAC,165.1,167.0,72.2,93.4,WR68,WR65,3.0,21.2,29.363,4
Jalen Tolbert,WR,MIA,215.5,248.0,71.8,27.7,WR102,WR132,-30.0,-44.1,-61.421,3
Chris Bell,WR,MIA,215.0,236.0,71.3,74.7,WR96,WR82,14.0,3.4,4.769,4
Caleb Douglas,WR,MIA,214.1,226.0,71.3,26.5,WR92,WR136,-44.0,-44.8,-62.833,3
Demond Claiborne,RB,MIN,214.3,227.0,22.0,31.0,RB69,RB79,-10.0,9.0,40.909,4
Ted Hurst,WR,TB,204.7,204.0,68.3,79.9,WR83,WR73,10.0,11.6,16.984,4
Treylon Burks,WR,WAS,215.8,273.0,66.8,28.8,WR110,WR130,-20.0,-38.0,-56.886,4
Dontayvion Wicks,WR,PHI,188.6,189.0,65.4,57.4,WR77,WR101,-24.0,-8.0,-12.232,4
Kaytron Allen,RB,WAS,204.2,202.0,19.9,43.9,RB62,RB72,-10.0,24.0,120.603,4
Jack Bech,WR,LV,215.4,245.0,65.2,71.7,WR100,WR88,12.0,6.5,9.969,4
Elic Ayomanor,WR,TEN,215.7,260.0,63.5,46.7,WR108,WR114,-6.0,-16.8,-26.457,3
Chimere Dike,WR,TEN,215.9,276.0,61.8,72.4,WR117,WR87,30.0,10.6,17.152,4
Jahan Dotson,WR,ATL,215.6,254.0,60.9,52.4,WR105,WR108,-3.0,-8.5,-13.957,4
Nicholas Singleton,RB,TEN,208.9,208.0,17.5,59.7,RB63,RB55,8.0,42.2,241.143,5
Jaylin Noel,WR,HOU,215.0,238.0,59.8,67.4,WR97,WR93,4.0,7.6,12.709,4
Pat Bryant,WR,DEN,204.5,203.0,58.3,78.9,WR82,WR76,6.0,20.6,35.334,4
Joshua Palmer,WR,BUF,215.8,269.0,56.3,26.6,WR111,WR135,-24.0,-29.7,-52.753,3
Luke McCaffrey,WR,WAS,215.9,297.0,54.7,7.3,WR119,WR171,-52.0,-47.4,-86.654,2
Marvin Mims,WR,DEN,215.8,270.0,54.7,58.4,WR112,WR99,13.0,3.7,6.764,4
KaVontae Turpin,WR,DAL,215.9,294.0,54.5,63.0,WR120,WR95,25.0,8.5,15.596,5
DeMario Douglas,WR,NE,215.9,280.0,49.9,49.3,WR121,WR110,11.0,-0.6,-1.202,4
Elijah Sarratt,WR,BAL,210.5,210.0,49.4,73.1,WR86,WR85,1.0,23.7,47.976,4
Keon Coleman,WR,BUF,211.3,214.0,49.4,31.8,WR88,WR122,-34.0,-17.6,-35.628,4
Kendrick Bourne,WR,ARI,215.9,296.0,38.9,57.3,WR123,WR102,21.0,18.4,47.301,3
Kalif Raymond,WR,CHI,215.9,295.0,36.9,23.2,WR124,WR153,-29.0,-13.7,-37.127,4
Skyler Bell,WR,BUF,215.5,251.0,35.0,76.2,WR103,WR79,24.0,41.2,117.714,4
Devontez Walker,WR,BAL,215.8,265.0,29.3,9.7,WR113,WR169,-56.0,-19.6,-66.894,3
Zavion Thomas,WR,CHI,215.6,257.0,28.7,47.2,WR106,WR113,-7.0,18.5,64.46,3
Malachi Fields,WR,NYG,214.4,229.0,27.4,67.6,WR93,WR92,1.0,40.2,146.715,4
Isaiah Bond,WR,CLE,215.9,286.0,25.4,58.8,WR126,WR98,28.0,33.4,131.496,4
Brenen Thompson,WR,LAC,215.7,258.0,22.6,32.0,WR109,WR121,-12.0,9.4,41.593,3
Mack Hollins,WR,NE,215.9,298.0,22.6,49.4,WR127,WR109,18.0,26.8,118.584,4
Jimmy Horn,WR,CAR,215.9,291.0,18.1,25.2,WR129,WR143,-14.0,7.1,39.227,4
Kenneth Gainwell,RB,TB,107.4,106.0,,,RB37,,,,,0
Ricky Pearsall,WR,SF,119.1,120.0,,,WR52,,,,,0
Stefon Diggs,WR,WAS,132.1,133.0,,138.55,WR57,WR38,19.0,,,4
Keenan Allen,WR,LAC,206.7,205.0,,76.0,WR84,WR80,4.0,,,3
Tyreek Hill,WR,FA,215.4,246.0,,77.2,WR101,WR77,24.0,,,4
Brandon Aiyuk,WR,SF,215.6,252.0,,41.6,WR107,WR115,-8.0,,,4
Roman Wilson,WR,PIT,215.8,272.0,,22.3,WR114,WR160,-46.0,,,3
Avery Williams,RB,,215.9,274.0,,,RB85,,,,,0
Chris Brazzell,WR,CAR,215.9,277.0,,,WR130,,,,,0
Chris Myarick,TE,LV,215.9,278.0,,,TE50,,,,,0
Erik Ezukanma,WR,PHI,215.9,283.0,,,WR131,,,,,0
Feleipe Franks,TE,CAR,215.9,284.0,,1.4,TE51,TE125,-74.0,,,3
Isaiah Spiller,RB,,215.9,287.0,,,RB86,,,,,0
Joshua Cephus,WR,,215.9,293.0,,,WR132,,,,,0
Mike White,QB,,215.9,300.0,,,QB40,,,,,0
