player_name,team,age,adp,player_id,target_share,games_played,snap_share,redzone_target_share,redzone_targets,adot,targets,te_archetype_primary,te_leans,te_role_profile
Trey McBride,ARI,26.0,29.0,00-0037744,0.273905996758509,17.0,0.9101321585903084,0.3238095238095238,34.0,6.623529411764705,169.0,receiving_te,none,elite
Brock Bowers,LV,23.0,19.7,00-0039338,0.24662618083670726,12.0,0.6092648539778449,0.2903225806451613,18.0,6.436781609195402,86.0,receiving_te,none,elite
Colston Loveland,CHI,22.0,46.0,00-0040126,0.16376879699248154,16.0,0.6074523396880416,0.2112676056338028,15.0,8.987951807228916,82.0,receiving_te,none,complementary
Tyler Warren,IND,24.0,63.8,00-0040128,0.211320754716981,17.0,0.8386194029850746,0.2771084337349397,23.0,5.280701754385965,112.0,receiving_te,red_zone,elite
Kyle Pitts,ATL,25.0,103.8,00-0036970,0.227360308285164,17.0,0.8768248175182481,0.203125,13.0,7.302521008403361,118.0,receiving_te,none,elite
Harold Fannin,CLE,22.0,102.4,00-0040663,0.2177921455938693,16.0,0.7257617728531855,0.1929824561403508,11.0,5.981481481481482,107.0,receiving_te,none,elite
Sam LaPorta,DET,25.0,91.7,00-0039065,0.16828282828282828,9.0,0.470427661510464,0.0666666666666666,6.0,5.653061224489796,49.0,receiving_te,none,complementary
Dallas Goedert,PHI,31.0,134.6,00-0034351,0.20028735632183853,15.0,0.7466793168880456,0.2459016393442623,15.0,7.109756097560975,82.0,receiving_te,none,elite
Tucker Kraft,GB,25.0,79.5,00-0038996,0.20326086956521744,8.0,0.417697431018078,0.1739130434782608,12.0,4.568181818181818,44.0,receiving_te,none,elite
Travis Kelce,KC,36.0,121.3,00-0030506,0.19672131147541,17.0,0.8104222821203954,0.1604938271604938,13.0,6.743119266055046,108.0,receiving_te,none,complementary
George Kittle,SF,32.0,114.1,00-0033288,0.19388429752066047,11.0,0.4942016057091882,0.1444444444444444,13.0,6.666666666666667,69.0,receiving_te,none,complementary
Mark Andrews,BAL,30.0,126.1,00-0034753,0.171990171990172,17.0,0.621301775147929,0.2678571428571428,15.0,7.257142857142857,70.0,receiving_te,red_zone,elite
Isaiah Likely,NYG,26.0,127.6,00-0037838,0.12530712530712537,12.0,0.480276134122288,0.1071428571428571,6.0,7.972222222222222,36.0,balanced,none,
Dalton Kincaid,BUF,26.0,126.5,00-0038933,0.14491997216423075,12.0,0.2667844522968198,0.1153846153846153,9.0,9.3,49.0,unconfirmed,none,
Jake Ferguson,DAL,27.0,131.3,00-0038041,0.168039538714992,17.0,0.6627318718381113,0.2403846153846154,25.0,4.611650485436893,102.0,receiving_te,red_zone,elite
Hunter Henry,NE,31.0,152.6,00-0033090,0.180497925311203,17.0,0.7943327239488117,0.3333333333333333,22.0,8.160919540229886,87.0,receiving_te,red_zone,elite
Juwan Johnson,NO,29.0,156.3,00-0036040,0.180530973451327,17.0,0.7562277580071174,0.1538461538461538,8.0,7.578431372549019,102.0,receiving_te,none,complementary
Brenton Strange,JAX,25.0,150.1,00-0038935,0.15539305301645326,12.0,0.5139130434782608,0.1149425287356321,10.0,6.9,60.0,receiving_te,none,complementary
Dalton Schultz,HOU,30.0,168.5,00-0034383,0.191681735985533,17.0,0.7129310344827586,0.1518987341772152,12.0,6.158878504672897,106.0,receiving_te,none,complementary
T.J. Hockenson,MIN,29.0,170.7,00-0035229,0.1598290598290598,15.0,0.6903096903096904,0.1428571428571428,11.0,4.984848484848484,66.0,receiving_te,none,complementary
Pat Freiermuth,PIT,27.0,193.9,00-0036894,0.11724137931034487,15.0,0.5063045586808923,0.1153846153846153,9.0,5.981481481481482,54.0,balanced,none,
Greg Dulcich,MIA,26.0,179.0,00-0037252,0.13492063492063486,9.0,0.2497451580020387,0.1044776119402985,7.0,4.5588235294117645,33.0,unconfirmed,none,
Kenyon Sadiq,NYJ,21.0,162.3,,,,,,,,,unconfirmed,none,
Cade Otton,TB,27.0,189.3,00-0038129,0.16968576709796726,15.0,0.8756613756613757,0.0921052631578947,7.0,5.109756097560975,81.0,receiving_te,none,complementary
AJ Barner,SEA,24.0,174.8,00-0039793,0.149450549450549,17.0,0.7772556390977443,0.2,13.0,4.367647058823529,68.0,balanced,red_zone,
Chig Okonkwo,WAS,26.0,139.5,,,,,0.0980392156862745,5.0,4.632911392405063,,unconfirmed,none,
Oronde Gadsden,LAC,23.0,152.1,00-0040189,0.1437500000000004,15.0,0.5485564304461942,0.189873417721519,15.0,9.043478260869565,69.0,balanced,red_zone,
Terrance Ferguson,LAR,23.0,180.5,00-0040737,0.06649976529494606,11.0,0.3136563876651982,0.0275229357798165,3.0,18.64,25.0,blocking_te,none,
Mike Gesicki,CIN,30.0,207.2,00-0034829,0.09786184210526322,12.0,0.2889288928892889,0.0975609756097561,8.0,9.72093023255814,42.0,unconfirmed,none,
Evan Engram,DEN,31.0,212.3,00-0033881,0.13827054794520563,16.0,0.4017543859649123,0.1235955056179775,11.0,4.298701298701299,76.0,balanced,none,
Gunnar Helm,TEN,23.0,180.9,00-0040584,0.11025943396226374,16.0,0.5047348484848485,0.1568627450980392,8.0,5.509090909090909,55.0,balanced,red_zone,
Mason Taylor,NYJ,22.0,215.8,00-0040736,0.18008474576271227,13.0,0.6240458015267175,0.1475409836065573,9.0,5.681818181818182,65.0,receiving_te,none,complementary
Colby Parkinson,LAR,27.0,210.8,00-0036244,0.117039586919105,14.0,0.547136563876652,0.2018348623853211,22.0,4.428571428571429,56.0,balanced,red_zone,
David Njoku,LAC,30.0,212.9,00-0033885,0.1421107628004179,11.0,0.4746075715604801,0.1578947368421052,9.0,5.270833333333333,48.0,balanced,none,
Michael Mayer,LV,25.0,215.0,00-0039066,0.13235752102148807,13.0,0.4682779456193353,0.0967741935483871,6.0,4.8,50.0,balanced,none,
Dawson Knox,BUF,29.0,215.8,00-0035689,0.10868997912317306,16.0,0.5768551236749117,0.1666666666666666,13.0,6.58,49.0,balanced,red_zone,
Theo Johnson,NYG,25.0,215.7,00-0039847,0.1667329357190192,15.0,0.7582608695652174,0.2058823529411764,14.0,8.324324324324325,74.0,receiving_te,none,complementary
Darnell Washington,PIT,24.0,215.0,00-0038558,0.10772178013557328,13.0,0.5295829291949563,0.1153846153846153,9.0,5.5,43.0,balanced,none,
Tyler Higbee,LAR,33.0,216.0,00-0033110,0.10533562822719453,10.0,0.3224669603524229,0.073394495412844,8.0,6.055555555555555,36.0,balanced,none,
Cole Kmet,CHI,27.0,215.9,00-0036290,0.0958646616541353,16.0,0.6655112651646448,0.0985915492957746,7.0,8.591836734693878,48.0,balanced,none,
Ja'Tavion Sanders,CAR,23.0,215.9,00-0039356,0.10034722222222218,12.0,0.3704052780395853,0.1388888888888889,10.0,4.823529411764706,34.0,balanced,none,
Noah Fant,NO,28.0,216.0,00-0035644,0.08818319838056682,13.0,0.3411341134113411,0.048780487804878,4.0,3.341463414634146,41.0,balanced,none,
Tommy Tremble,CAR,26.0,216.0,00-0037005,0.08736111111111107,15.0,0.5994344957587182,0.0694444444444444,5.0,4.405405405405405,37.0,balanced,none,
Will Kacmarek,MIA,23.0,216.0,,,,,,,,,unconfirmed,none,
Erick All,CIN,25.0,215.5,00-0039814,,,,,,,,unconfirmed,none,
Charlie Kolar,LAC,27.0,214.9,00-0038046,0.04819504819504826,13.0,0.3964497041420118,0.0535714285714285,3.0,7.066666666666666,15.0,blocking_te,none,
Austin Hooper,ATL,31.0,216.0,00-0032392,0.070539419087137,13.0,0.4680073126142596,0.0757575757575757,5.0,9.0,26.0,balanced,none,
Josh Oliver,MIN,29.0,216.0,00-0035249,0.05751424501424501,12.0,0.3996003996003996,0.0909090909090909,7.0,3.2,19.0,blocking_te,none,
Eli Stowers,PHI,23.0,210.7,,,,,,,,,unconfirmed,none,
Daniel Bellinger,TEN,25.0,216.0,00-0038115,0.06759443339960244,13.0,0.4826086956521739,0.088235294117647,6.0,9.384615384615383,26.0,blocking_te,none,
Brock Wright,DET,27.0,216.0,00-0036754,0.085,8.0,0.364877161055505,0.0222222222222222,2.0,1.0,22.0,balanced,none,
Noah Gray,KC,27.0,216.0,00-0036637,0.08183710642727038,14.0,0.4896675651392632,0.037037037037037,3.0,6.289473684210527,37.0,balanced,none,
Luke Musgrave,GB,25.0,216.0,00-0039144,0.08812709030100335,13.0,0.4072312083729781,0.0144927536231884,1.0,8.580645161290322,31.0,balanced,none,
Elijah Arroyo,SEA,23.0,215.9,00-0040739,0.07472527472527467,13.0,0.2969924812030075,0.0769230769230769,5.0,8.461538461538462,26.0,unconfirmed,none,
Adam Trautman,DEN,29.0,216.0,00-0036422,0.051501580611169634,13.0,0.5710526315789474,0.0112359550561797,1.0,4.608695652173913,23.0,blocking_te,none,
Eli Raridon,NE,22.0,215.4,,,,,,,,,unconfirmed,none,
Davis Allen,LAR,25.0,216.0,00-0039074,0.06437177280550774,15.0,0.5154185022026432,0.0642201834862385,7.0,3.939393939393939,33.0,blocking_te,none,
Ben Sims,MIA,26.0,216.0,00-0038809,0.07264957264957253,3.0,0.0829170829170829,0.0129870129870129,1.0,12.166666666666666,6.0,unconfirmed,none,
Marlin Klein,HOU,23.0,216.0,,,,,,,,,unconfirmed,none,
John Bates,WAS,28.0,216.0,00-0036628,0.0629629629629629,10.0,0.4544592030360531,0.0392156862745098,2.0,3.0,16.0,blocking_te,none,
Elijah Higgins,ARI,25.0,216.0,00-0039041,0.05996758508914099,17.0,0.4185022026431718,0.0476190476190476,5.0,4.0,37.0,blocking_te,none,
Jake Tonges,SF,27.0,214.4,00-0037112,0.14218181818181813,10.0,0.3559322033898305,0.0777777777777777,7.0,5.065217391304348,46.0,balanced,none,
Jeremy Ruckert,NYJ,25.0,216.0,00-0037805,0.07460653753026635,14.0,0.4713740458015267,0.0491803278688524,3.0,3.5172413793103448,29.0,balanced,none,
Mitchell Evans,CAR,23.0,215.9,00-0040187,0.06324404761904757,14.0,0.3704052780395853,0.0555555555555555,4.0,3.64,25.0,blocking_te,none,
Drew Sample,CIN,30.0,216.0,00-0035631,0.04660087719298251,12.0,0.5355535553555355,0.0121951219512195,1.0,-0.35,20.0,blocking_te,none,
Nate Boerkircher,JAX,24.0,216.0,,,,,,,,,unconfirmed,none,
Connor Heyward,LV,27.0,216.0,00-0037304,,,0.08729388942774,0.0256410256410256,2.0,6.5,,unconfirmed,none,
Nick Vannett,SEA,33.0,,00-0032394,,,0.0309690309690309,,,,,unconfirmed,none,
Nate Adkins,DEN,27.0,216.0,00-0038783,0.053367579908675904,6.0,0.1745614035087719,0.0224719101123595,2.0,3.1818181818181817,11.0,unconfirmed,none,
Ben Sinnott,WAS,24.0,215.9,00-0039912,0.05684156378600824,9.0,0.3235294117647059,0.0196078431372549,1.0,8.153846153846153,13.0,blocking_te,none,
Cade Stover,HOU,26.0,216.0,00-0039359,0.08197709463532259,6.0,0.2267241379310345,0.0379746835443038,3.0,1.9375,16.0,unconfirmed,none,
Jackson Hawes,BUF,25.0,216.0,00-0040194,0.05187088485627109,13.0,0.4302120141342756,0.0384615384615384,3.0,7.315789473684211,19.0,blocking_te,none,
Jack Endries,CIN,22.0,216.0,,,,,,,,,unconfirmed,none,
Luke Schoonmaker,DAL,27.0,216.0,00-0038547,0.046010826076723986,14.0,0.3296795952782462,0.0192307692307692,2.0,7.173913043478261,23.0,blocking_te,none,
Will Mallory,IND,27.0,,00-0038394,0.0320754716981117,1.0,0.0149253731343283,0.0,0.0,16.0,1.0,unconfirmed,none,
Charlie Woerner,ATL,28.0,,00-0036429,0.04211395540875298,7.0,0.5155109489051095,0.015625,1.0,1.3333333333333333,9.0,blocking_te,none,
Grant Calcaterra,PHI,27.0,216.0,00-0037086,0.05292145593869723,9.0,0.3605313092979127,0.0491803278688524,3.0,6.538461538461538,13.0,blocking_te,none,
Foster Moreau,HOU,29.0,216.0,00-0034981,0.042983565107458946,7.0,0.2250889679715302,0.0192307692307692,1.0,1.0,10.0,unconfirmed,none,
Teagan Quitoriano,ARI,26.0,,00-0037277,0.0,2.0,0.1213503649635036,,,,0.0,unconfirmed,none,
Bauer Sharp,TB,23.0,,,,,,,,,,unconfirmed,none,
Tanner Hudson,CIN,31.0,216.0,00-0034613,0.06710526315789471,10.0,0.1332133213321332,0.073170731707317,6.0,4.958333333333333,24.0,unconfirmed,none,
Cam Grandy,CIN,26.0,,00-0039631,0.027960526315789252,2.0,0.0252025202520252,0.0,0.0,-3.0,2.0,unconfirmed,none,
Dallen Bentley,DEN,25.0,216.0,,,,,,,,,unconfirmed,none,
Tanner Conner,NYG,28.0,216.0,00-0037348,0.06899350649350657,8.0,0.1845056065239551,0.044776119402985,3.0,7.933333333333334,15.0,unconfirmed,none,
Mo Alie-Cox,IND,32.0,216.0,00-0033217,0.05831903945111496,11.0,0.3908582089552239,0.072289156626506,6.0,4.65,20.0,blocking_te,none,
Jared Wiley,KC,25.0,216.0,00-0039824,0.01548269581056455,2.0,0.0251572327044025,0.0,0.0,-4.0,1.0,unconfirmed,none,
Jaheim Bell,PIT,25.0,,00-0039420,,,,,,,,unconfirmed,none,
Zack Kuntz,DAL,27.0,,00-0038406,,,,,,,,unconfirmed,none,
Seydou Traore,MIA,23.0,216.0,,,,,,,,,unconfirmed,none,
Durham Smythe,BAL,30.0,216.0,00-0034798,0.027389903329752944,7.0,0.2538994800693241,0.0,0.0,4.0,6.0,unconfirmed,none,
Payne Durham,TB,26.0,216.0,00-0039050,0.01571164510166351,8.0,0.3121693121693121,0.0131578947368421,1.0,4.0,4.0,blocking_te,none,
Max Klare,LAR,23.0,216.0,,,,,,,,,unconfirmed,none,
Justin Joly,DEN,22.0,216.0,,,,,,,,,unconfirmed,none,
Brevyn Spann-Ford,DAL,26.0,216.0,00-0039530,0.02275535420098847,16.0,0.2529510961214165,0.0192307692307692,2.0,8.23076923076923,13.0,unconfirmed,none,
Devin Culp,TB,26.0,216.0,00-0039754,0.00785582255083165,4.0,0.0493827160493827,0.0131578947368421,1.0,6.0,1.0,unconfirmed,none,
Tip Reiman,ARI,24.0,,00-0039737,0.0459211237169093,3.0,0.0863436123348017,0.0,0.0,5.2,5.0,unconfirmed,none,
Josh Cuevas,BAL,22.0,216.0,,,,,,,,,unconfirmed,none,
Jack Stoll,CLE,28.0,216.0,00-0036741,0.03677482792527047,9.0,0.1859430604982206,0.0192307692307692,1.0,3.090909090909091,11.0,unconfirmed,none,
Ian Thomas,LV,30.0,216.0,00-0034365,0.04970760233918126,9.0,0.3202416918429003,0.0,0.0,3.230769230769231,13.0,blocking_te,none,
Hunter Long,JAX,27.0,,00-0037004,0.07547662575084886,7.0,0.2243478260869565,0.0459770114942528,4.0,3.882352941176471,17.0,unconfirmed,none,
Joe Royer,CLE,24.0,216.0,,,,,,,,,unconfirmed,none,
Chris Manhertz,NYG,34.0,,00-0031484,0.016898608349900247,4.0,0.1808695652173913,0.0147058823529411,1.0,5.5,2.0,unconfirmed,none,
Luke Farrell,SF,28.0,216.0,00-0036887,0.03328671328671335,13.0,0.360392506690455,0.0444444444444444,4.0,2.9285714285714284,14.0,blocking_te,none,
Ko Kieft,TB,28.0,,00-0037311,0.0,2.0,0.0255731922398589,,,,0.0,unconfirmed,none,
CJ Dippre,NE,24.0,,00-0040566,,,0.0182815356489945,,,,,unconfirmed,none,
Tanner Koziol,JAX,22.0,216.0,,,,,,,,,unconfirmed,none,
Tyler Conklin,DET,31.0,216.0,00-0034270,0.05208333333333342,6.0,0.147856517935258,0.0,0.0,4.5,10.0,unconfirmed,none,
Oscar Delp,NO,23.0,215.9,,,,,,,,,unconfirmed,none,
Eric Saubert,SEA,32.0,216.0,00-0033576,0.029059829059829085,9.0,0.2593984962406015,0.0615384615384615,4.0,3.5,7.0,unconfirmed,none,
Drew Ogletree,IND,28.0,216.0,,,,,,,,,unconfirmed,none,
Sam Roush,CHI,22.0,216.0,,,,,,,,,unconfirmed,none,
Johnny Mundt,PHI,31.0,,00-0033246,0.04920780012187693,12.0,0.3382608695652174,0.0114942528735632,1.0,5.2631578947368425,19.0,blocking_te,none,
Quintin Morris,JAX,27.0,,00-0036590,0.025427954129965156,11.0,0.1860869565217391,0.0229885057471264,2.0,5.0,9.0,unconfirmed,none,
Cole Turner,MIA,26.0,,00-0037078,,,0.0,,,,,unconfirmed,none,
Max Bredeson,MIN,23.0,,,,,,,,,,unconfirmed,none,
Jelani Woods,NYJ,27.0,,00-0037755,0.0540254237288133,2.0,0.0572519083969465,0.0163934426229508,1.0,2.0,3.0,unconfirmed,none,
Lucas Krull,DEN,28.0,216.0,00-0037539,0.05821917808219135,2.0,0.0464912280701754,0.0,0.0,5.0,4.0,unconfirmed,none,
Riley Nowakowski,PIT,24.0,,,,,,,,,,unconfirmed,none,
Blake Whiteheart,CLE,26.0,,00-0038710,0.02171136653895271,9.0,0.2262234533702677,0.0,0.0,7.166666666666667,6.0,unconfirmed,none,
Julian Hill,NE,26.0,216.0,00-0038720,0.06690279417552146,11.0,0.4475025484199796,0.0597014925373134,4.0,3.142857142857143,20.0,blocking_te,none,
Chris Myarick,LV,30.0,215.9,00-0035345,,,,,,,,unconfirmed,none,
Feleipe Franks,CAR,28.0,215.9,00-0036825,0.0,10.0,0.0136861313868613,0.0,0.0,,0.0,unconfirmed,none,
Taysom Hill,,35.0,215.9,00-0033357,0.0370319945541185,13.0,,0.0,0.0,3.375,16.0,unconfirmed,none,
Ben Yurosek,MIN,24.0,216.0,00-0040509,0.018162393162393133,6.0,0.1158841158841158,0.0,0.0,3.6666666666666665,3.0,unconfirmed,none,
Brandon Dillon,,26.0,216.0,00-0035102,,,,,,,,unconfirmed,none,
Brevin Jordan,HOU,26.0,216.0,00-0036556,,,,,,,,unconfirmed,none,
C.J. Uzomah,,32.0,216.0,00-0032134,,,,,,,,unconfirmed,none,
Caleb Lohner,DEN,24.0,216.0,,,,,,,,,unconfirmed,none,
Chris Herndon,,26.0,216.0,00-0034766,,,,,,,,unconfirmed,none,
Dallin Holker,,25.0,216.0,,,,,,,,,unconfirmed,none,
Darren Waller,FA,33.0,216.0,00-0031610,0.13900913900913903,9.0,0.2079510703363914,0.1194029850746268,8.0,10.257142857142858,34.0,unconfirmed,none,
Hakeem Butler,DEN,30.0,216.0,00-0035529,,,,,,,,unconfirmed,none,
Harrison Bryant,,28.0,216.0,00-0036232,0.03688969258589512,5.0,0.1491379310344827,0.0,0.0,9.666666666666666,6.0,unconfirmed,none,
J.P. Holtz,,30.0,216.0,00-0032986,,,,,,,,unconfirmed,none,
Jake Briningstool,KC,23.0,216.0,,,,,,,,,unconfirmed,none,
James Mitchell,CAR,26.0,216.0,00-0037282,0.053125000000000006,2.0,0.0442978322337417,0.0,0.0,2.333333333333333,3.0,unconfirmed,none,
Jody Fortson,,29.0,216.0,00-0035547,,,,,,,,unconfirmed,none,
Joel Wilson,TEN,26.0,216.0,,,,,,,,,unconfirmed,none,
John Michael Gyllenborg,KC,24.0,216.0,,,,,,,,,unconfirmed,none,
Jonnu Smith,FA,30.0,216.0,00-0033858,0.103448275862069,17.0,0.5198836081474297,0.1025641025641025,8.0,4.254545454545455,54.0,balanced,none,
Jordan Akins,,33.0,216.0,00-0034364,,,,,,,,unconfirmed,none,
Josh Pederson,,26.0,216.0,,,,,,,,,unconfirmed,none,
Josh Whyle,GB,26.0,216.0,00-0038589,0.036956521739130534,6.0,0.1674595623215984,0.0144927536231884,1.0,3.8333333333333335,6.0,unconfirmed,none,
Keleki Latu,BUF,23.0,216.0,00-0040363,0.04732080723729946,3.0,0.0750883392226148,0.0,0.0,3.0,4.0,unconfirmed,none,
Kylen Granson,TEN,28.0,216.0,00-0036876,0.027478448275862027,12.0,0.2314990512333966,0.0163934426229508,1.0,7.555555555555555,9.0,unconfirmed,none,
Leonard Taylor,,24.0,216.0,00-0039289,,,,,,,,unconfirmed,none,
Luke Stocker,,33.0,216.0,00-0028042,,,,,,,,unconfirmed,none,
Marcedes Lewis,,41.0,216.0,00-0024243,0.0,1.0,0.0710526315789473,,,,0.0,unconfirmed,none,
Mark Redman,LAR,24.0,216.0,,,,,,,,,unconfirmed,none,
Michael Trigg,DAL,24.0,216.0,,,,,,,,,unconfirmed,none,
Miles Kitselman,DET,23.0,216.0,,,,,,,,,unconfirmed,none,
Miller Forristall,,26.0,216.0,00-0036692,,,,,,,,unconfirmed,none,
Moliki Matavao,NO,23.0,216.0,00-0040244,0.0601769911504415,1.0,0.0738434163701067,0.0,0.0,2.5,2.0,unconfirmed,none,
MyCole Pruitt,,32.0,216.0,00-0031585,,,,,,,,unconfirmed,none,
Neal Johnson,,24.0,216.0,,,,,,,,,unconfirmed,none,
Nick Boyle,,29.0,216.0,00-0031598,,,,,,,,unconfirmed,none,
Noah Togiai,,26.0,216.0,00-0036005,,,,,,,,unconfirmed,none,
Robert Tonyan,PIT,32.0,216.0,00-0033757,0.01548269581056455,2.0,0.1194968553459119,0.0,0.0,1.0,1.0,unconfirmed,none,
Stone Smartt,PHI,27.0,216.0,00-0037475,0.05402542372881358,6.0,0.0811068702290076,0.0,0.0,4.666666666666667,9.0,unconfirmed,none,
Travis Vokolek,ARI,27.0,216.0,00-0038456,0.0,1.0,0.0281938325991189,,,,0.0,unconfirmed,none,
Trey Knox,,23.0,216.0,,,,,,,,,unconfirmed,none,
Tyree Jackson,,28.0,216.0,00-0035356,,,,,,,,unconfirmed,none,
Zach Davidson,,27.0,216.0,00-0036640,,,0.0060869565217391,,,,,unconfirmed,none,
Zach Ertz,FA,35.0,216.0,00-0030061,0.21794871794871837,13.0,0.5227703984819735,0.1764705882352941,9.0,8.986301369863014,72.0,receiving_te,none,elite
