player_name,team,age,adp,player_id,target_share,games_played,target_share_data_quality_flag,redzone_target_share,redzone_targets,adot,receptions,targets,rush_attempts,yards_per_reception,yac_per_reception,rush_attempts_per_game,rush_yards_per_attempt,qb_tier,team_wr1_target_share,wr_archetype_primary,wr_leans,wr_qb_context
Puka Nacua,LAR,25.0,4.0,00-0039075,0.3035714285714288,16.0,,0.1559633027522936,17.0,9.433734939759036,129.0,166.0,10.0,13.294573643410853,5.162790697674419,0.625,10.5,1.0,0.3035714285714288,alpha,none,elite_qb_context
Ja'Marr Chase,CIN,26.0,3.1,00-0036900,0.32329358552631615,16.0,,0.2682926829268293,22.0,8.486486486486486,125.0,185.0,3.0,11.296,5.12,0.1875,4.666666666666667,1.0,0.32329358552631615,alpha,none,elite_qb_context
Jaxon Smith-Njigba,SEA,24.0,5.5,00-0038543,0.358241758241758,17.0,,0.2615384615384615,17.0,11.245398773006135,119.0,163.0,7.0,15.067226890756302,4.436974789915967,0.4117647058823529,5.142857142857143,3.0,0.358241758241758,alpha,none,average_qb_context
Amon-Ra St. Brown,DET,26.0,7.1,00-0036963,0.312727272727273,17.0,,0.3888888888888889,35.0,8.081395348837209,117.0,172.0,3.0,11.974358974358974,4.871794871794871,0.17647058823529413,3.0,2.0,0.312727272727273,alpha,none,elite_qb_context
Drake London,ATL,25.0,21.0,00-0037238,0.3057161207450221,12.0,corrected,0.25,16.0,10.805309734513274,68.0,112.0,0.0,13.514705882352942,3.3676470588235294,0.0,,4.0,0.3057161207450221,alpha,none,below_average_qb_context
CeeDee Lamb,DAL,27.0,9.6,00-0036358,0.25205930807248833,13.0,corrected,0.1634615384615384,17.0,11.991452991452991,75.0,117.0,1.0,14.36,4.306666666666667,0.07692307692307693,2.0,1.0,0.25205930807248833,alpha,none,elite_qb_context
Rashee Rice,KC,26.0,25.1,00-0039067,0.30191256830601004,8.0,corrected,0.2345679012345679,19.0,4.278481012658228,53.0,78.0,5.0,10.773584905660377,7.811320754716981,0.625,4.0,3.0,0.30191256830601004,alpha,yac,average_qb_context
Justin Jefferson,MIN,27.0,10.3,00-0036322,0.301282051282051,17.0,,0.2467532467532467,19.0,10.126760563380282,84.0,141.0,2.0,12.476190476190476,5.369047619047619,0.11764705882352941,3.5,5.0,0.301282051282051,alpha,none,below_average_qb_context
A.J. Brown,NE,29.0,18.6,00-0035676,0.2955459770114948,15.0,corrected,0.2131147540983606,13.0,11.776859504132233,78.0,121.0,0.0,12.85897435897436,3.4358974358974357,0.0,,1.0,0.2955459770114948,alpha,none,elite_qb_context
George Pickens,DAL,25.0,23.5,00-0037247,0.225700164744646,17.0,,0.2307692307692307,24.0,11.210144927536232,93.0,137.0,0.0,15.365591397849462,5.150537634408602,0.0,,1.0,0.25205930807248833,high_floor,none,elite_qb_context
Chris Olave,NO,26.0,30.0,00-0037239,0.29336283185840656,16.0,,0.2884615384615384,15.0,11.801282051282053,100.0,156.0,1.0,11.63,2.89,0.0625,-3.0,5.0,0.29336283185840656,alpha,none,below_average_qb_context
Nico Collins,HOU,27.0,22.7,00-0036554,0.24593128390596747,15.0,corrected,0.240506329113924,19.0,12.636363636363637,71.0,120.0,2.0,15.732394366197184,4.563380281690141,0.13333333333333333,7.5,4.0,0.24593128390596747,alpha,deep_threat,below_average_qb_context
Zay Flowers,BAL,25.0,30.3,00-0039064,0.28992628992629,17.0,,0.2142857142857142,12.0,10.117647058823527,86.0,118.0,10.0,14.081395348837209,5.325581395348837,0.5882352941176471,6.2,3.0,0.28992628992629,alpha,none,average_qb_context
Garrett Wilson,NYJ,26.0,40.0,00-0037740,0.30357142857142855,7.0,corrected,0.081967213114754,5.0,8.916666666666666,36.0,59.0,0.0,10.972222222222221,2.7777777777777777,0.0,,5.0,0.30357142857142855,alpha,none,below_average_qb_context
DeVonta Smith,PHI,27.0,27.4,00-0036912,0.243534482758621,17.0,,0.1967213114754098,12.0,11.885964912280702,77.0,113.0,0.0,13.090909090909092,3.8051948051948052,0.0,,3.0,0.243534482758621,alpha,none,average_qb_context
Malik Nabers,NYG,23.0,27.4,00-0039337,0.3368162675098938,19.0,corrected,0.0588235294117647,4.0,15.857142857142858,18.0,205.0,0.0,15.055555555555555,2.888888888888889,0.0,,3.0,0.3368162675098938,alpha,deep_threat,average_qb_context
Emeka Egbuka,TB,23.0,31.8,00-0040129,0.234750462107209,17.0,,0.1973684210526315,15.0,12.28125,63.0,127.0,2.0,14.88888888888889,5.317460317460317,0.11764705882352941,4.5,4.0,0.234750462107209,high_floor,none,below_average_qb_context
Tetairoa McMillan,CAR,23.0,38.9,00-0040124,0.254166666666667,17.0,,0.2083333333333333,15.0,11.557377049180328,70.0,122.0,0.0,14.485714285714286,3.842857142857143,0.0,,5.0,0.254166666666667,alpha,none,below_average_qb_context
Davante Adams,LAR,33.0,51.0,00-0031381,0.23825915908532114,14.0,corrected,0.2935779816513761,32.0,12.666666666666666,60.0,114.0,0.0,13.15,1.95,0.0,,1.0,0.3035714285714288,high_floor,none,elite_qb_context
Tee Higgins,CIN,27.0,34.0,00-0036410,0.18267543859649146,15.0,corrected,0.1951219512195122,16.0,13.272727272727272,59.0,98.0,0.0,14.338983050847459,2.8135593220338984,0.0,,1.0,0.32329358552631615,boom_bust,deep_threat,elite_qb_context
Jameson Williams,DET,25.0,51.9,00-0037240,0.185454545454545,17.0,,0.1,9.0,12.637254901960784,65.0,102.0,6.0,17.184615384615384,6.7846153846153845,0.35294117647058826,2.0,2.0,0.312727272727273,boom_bust,deep_threat,elite_qb_context
Terry McLaurin,WAS,30.0,44.2,00-0035659,0.2361111111111113,10.0,corrected,0.1568627450980392,8.0,13.983333333333333,38.0,60.0,0.0,15.31578947368421,2.4473684210526314,0.0,,1.0,0.2361111111111113,boom_bust,deep_threat,elite_qb_context
Rome Odunze,CHI,24.0,59.9,00-0039919,0.23966165413533824,12.0,corrected,0.1830985915492957,13.0,13.75824175824176,44.0,90.0,0.0,15.022727272727273,4.863636363636363,0.0,,2.0,0.23966165413533824,boom_bust,deep_threat,elite_qb_context
Alec Pierce,IND,26.0,81.5,00-0037664,0.17962264150943413,15.0,corrected,0.108433734939759,9.0,18.964285714285715,47.0,84.0,0.0,21.340425531914892,3.702127659574468,0.0,,2.0,0.17962264150943413,boom_bust,deep_threat,elite_qb_context
Ladd McConkey,LAC,24.0,34.7,00-0039915,0.20703125000000044,16.0,,0.189873417721519,15.0,9.867924528301886,66.0,106.0,0.0,11.954545454545455,4.696969696969697,0.0,,4.0,0.224264705882353,high_floor,none,below_average_qb_context
DJ Moore,BUF,29.0,56.1,00-0034827,0.159774436090226,17.0,,0.1549295774647887,11.0,11.623529411764704,50.0,85.0,15.0,13.64,4.44,0.8823529411764706,5.266666666666667,1.0,0.21072546972860132,boom_bust,none,elite_qb_context
Jaylen Waddle,DEN,27.0,39.6,00-0036613,0.2299783549783545,16.0,,0.1641791044776119,11.0,13.06,64.0,100.0,2.0,14.21875,3.5625,0.125,14.0,2.0,0.2299783549783545,high_floor,deep_threat,elite_qb_context
Luther Burden,CHI,22.0,43.7,00-0040735,0.1278195488721804,15.0,,0.056338028169014,4.0,7.666666666666667,47.0,60.0,6.0,13.872340425531915,7.1063829787234045,0.4,6.166666666666667,2.0,0.23966165413533824,complementary,yac,elite_qb_context
Mike Evans,SF,32.0,47.7,00-0031408,0.24353049907578625,8.0,corrected,0.1184210526315789,9.0,13.290322580645162,30.0,62.0,0.0,12.266666666666667,1.2333333333333334,0.0,,2.0,0.24353049907578625,alpha,none,elite_qb_context
Courtland Sutton,DEN,30.0,84.1,00-0034348,0.212328767123288,17.0,,0.2247191011235955,20.0,12.336,74.0,124.0,0.0,13.743243243243244,3.0,0.0,,2.0,0.2299783549783545,high_floor,none,elite_qb_context
Marvin Harrison,ARI,23.0,68.3,00-0039849,0.16761210156672032,12.0,corrected,0.1047619047619047,11.0,12.783783783783784,41.0,73.0,0.0,14.829268292682928,2.902439024390244,0.0,,4.0,0.204213938411669,boom_bust,deep_threat,below_average_qb_context
Christian Watson,GB,27.0,57.1,00-0038124,0.2032608695652168,10.0,corrected,0.0869565217391304,6.0,17.763636363636362,35.0,55.0,1.0,17.457142857142856,3.3714285714285714,0.1,3.0,2.0,0.2032608695652168,boom_bust,deep_threat,elite_qb_context
DK Metcalf,PIT,28.0,76.1,00-0035640,0.21494252873563208,15.0,corrected,0.1666666666666666,13.0,10.545454545454543,59.0,99.0,2.0,14.40677966101695,7.016949152542373,0.13333333333333333,6.0,3.0,0.21494252873563208,high_floor,none,average_qb_context
Jakobi Meyers,JAX,29.0,107.5,00-0034960,0.23658906882591102,16.0,,0.1034482758620689,9.0,9.37704918032787,75.0,110.0,5.0,11.133333333333333,3.76,0.3125,2.6,3.0,0.23658906882591102,high_floor,none,average_qb_context
Michael Pittman,PIT,28.0,99.2,00-0036252,0.209433962264151,17.0,,0.216867469879518,18.0,7.956140350877193,80.0,111.0,0.0,9.8,3.2375,0.0,,3.0,0.21494252873563208,high_floor,none,average_qb_context
Parker Washington,JAX,24.0,63.4,00-0038606,0.1845292504570385,16.0,,0.1839080459770115,16.0,12.237113402061857,58.0,95.0,7.0,14.60344827586207,4.568965517241379,0.4375,0.0,3.0,0.23658906882591102,boom_bust,none,average_qb_context
Carnell Tate,TEN,21.0,59.4,,,,,,,,,,,,,,,5.0,0.29572564612326074,unconfirmed,none,below_average_qb_context
Brian Thomas,JAX,23.0,62.3,00-0039893,0.20201096892138928,14.0,corrected,0.0804597701149425,7.0,14.45054945054945,48.0,91.0,3.0,14.729166666666666,3.3125,0.21428571428571427,7.0,3.0,0.23658906882591102,boom_bust,deep_threat,average_qb_context
Wan'Dale Robinson,TEN,25.0,111.5,00-0038117,0.29572564612326074,16.0,,0.2058823529411764,14.0,8.418439716312056,92.0,140.0,3.0,11.021739130434783,4.195652173913044,0.1875,1.6666666666666667,5.0,0.29572564612326074,alpha,none,below_average_qb_context
Jayden Reed,GB,26.0,82.5,00-0039146,0.16185855935668547,22.0,corrected,0.0579710144927536,4.0,8.136363636363637,19.0,97.0,3.0,10.894736842105264,4.473684210526316,0.6,9.333333333333334,2.0,0.2032608695652168,high_floor,none,elite_qb_context
Deebo Samuel,SF,30.0,139.4,00-0035719,0.24348958333333368,16.0,,0.2549019607843137,13.0,5.27,72.0,99.0,17.0,10.097222222222221,6.472222222222222,1.0625,4.411764705882353,2.0,0.24353049907578625,alpha,yac,elite_qb_context
Quentin Johnston,LAC,24.0,74.9,00-0038544,0.20192307692307646,13.0,corrected,0.189873417721519,15.0,11.773809523809524,51.0,84.0,2.0,14.411764705882353,4.333333333333333,0.15384615384615385,3.5,4.0,0.224264705882353,high_floor,none,below_average_qb_context
Michael Wilson,ARI,26.0,95.0,00-0038559,0.204213938411669,17.0,,0.1047619047619047,11.0,12.73134328358209,78.0,126.0,0.0,12.897435897435898,3.5,0.0,,4.0,0.204213938411669,boom_bust,none,below_average_qb_context
Chris Godwin,TB,30.0,90.1,00-0033921,0.1780653111521873,9.0,corrected,0.1052631578947368,8.0,6.9423076923076925,33.0,51.0,0.0,10.909090909090908,6.242424242424242,0.0,,4.0,0.234750462107209,high_floor,yac,below_average_qb_context
Jordan Addison,MIN,24.0,88.6,00-0038994,0.20497557997558022,14.0,corrected,0.1688311688311688,13.0,13.708860759493673,42.0,79.0,2.0,14.523809523809524,3.3095238095238093,0.14285714285714285,40.5,5.0,0.301282051282051,boom_bust,deep_threat,below_average_qb_context
Jordyn Tyson,NO,21.0,63.7,,,,,,,,,,,,,,,5.0,0.29336283185840656,unconfirmed,none,below_average_qb_context
Xavier Worthy,KC,23.0,99.6,00-0039894,0.16146239916731736,14.0,corrected,0.074074074074074,6.0,12.931506849315069,42.0,73.0,11.0,12.666666666666666,4.595238095238095,0.7857142857142857,7.909090909090909,3.0,0.30191256830601004,boom_bust,none,average_qb_context
Josh Downs,IND,24.0,87.2,00-0038997,0.17641509433962307,16.0,,0.180722891566265,15.0,7.488636363636363,58.0,88.0,2.0,9.758620689655173,2.4827586206896552,0.125,-1.0,2.0,0.17962264150943413,high_floor,none,elite_qb_context
Khalil Shakir,BUF,26.0,126.5,00-0037261,0.21072546972860132,16.0,,0.1923076923076923,15.0,3.597938144329897,72.0,95.0,1.0,9.98611111111111,7.513888888888889,0.0625,5.0,1.0,0.21072546972860132,high_floor,yac,elite_qb_context
Makai Lemon,PHI,22.0,73.6,,,,,,,,,,,,,,,3.0,0.243534482758621,unconfirmed,none,average_qb_context
Romeo Doubs,NE,26.0,116.2,00-0037816,0.19633152173913024,16.0,,0.2608695652173913,18.0,12.616279069767442,55.0,85.0,0.0,13.163636363636364,2.963636363636364,0.0,,1.0,0.2955459770114948,boom_bust,red_zone,elite_qb_context
Rashid Shaheed,SEA,27.0,130.1,00-0037545,0.16283185840708,17.0,,0.0307692307692307,2.0,11.73076923076923,59.0,92.0,9.0,11.64406779661017,3.0,0.5,7.666666666666667,3.0,0.358241758241758,boom_bust,none,average_qb_context
John Metchie,CAR,26.0,215.9,00-0037614,0.13527851458885948,13.0,corrected,0.081967213114754,5.0,5.954545454545454,33.0,48.0,3.0,8.303030303030303,4.242424242424242,0.23076923076923078,-1.6666666666666667,5.0,0.254166666666667,complementary,none,below_average_qb_context
Matthew Golden,GB,23.0,107.9,00-0040667,0.1161490683229814,14.0,corrected,0.0289855072463768,2.0,12.545454545454543,29.0,44.0,10.0,12.448275862068966,3.4827586206896552,0.7142857142857143,4.9,2.0,0.2032608695652168,complementary,none,elite_qb_context
Calvin Ridley,TEN,31.0,188.3,00-0034837,0.16495956873315368,7.0,corrected,0.0392156862745098,2.0,12.583333333333334,17.0,36.0,0.0,17.823529411764707,4.9411764705882355,0.0,,5.0,0.29572564612326074,boom_bust,deep_threat,below_average_qb_context
Jalen Coker,CAR,24.0,127.4,00-0039491,0.13844696969696965,11.0,corrected,0.0694444444444444,5.0,9.666666666666666,33.0,43.0,0.0,11.93939393939394,3.090909090909091,0.0,,5.0,0.254166666666667,complementary,none,below_average_qb_context
Theo Wease,MIA,25.0,216.0,00-0040311,0.12265512265512239,3.0,corrected,0.0149253731343283,1.0,13.7,6.0,10.0,0.0,23.166666666666668,10.5,0.0,,4.0,0.140692640692641,unconfirmed,none,below_average_qb_context
Tre Tucker,LV,25.0,156.0,00-0038563,0.186234817813765,17.0,,0.1612903225806451,10.0,10.16304347826087,57.0,92.0,11.0,12.210526315789474,5.105263157894737,0.6470588235294118,4.636363636363637,5.0,0.186234817813765,high_floor,none,below_average_qb_context
Tank Dell,HOU,26.0,184.4,00-0038977,0.17981196134761085,14.0,,,,,,81.0,,,,,,4.0,0.24593128390596747,complementary,none,below_average_qb_context
KC Concepcion,CLE,21.0,117.6,,,,,,,,,,,,,,,5.0,0.203065134099617,unconfirmed,none,below_average_qb_context
Jerry Jeudy,CLE,27.0,178.5,00-0036407,0.203065134099617,17.0,,0.1578947368421052,9.0,12.150943396226417,50.0,106.0,1.0,12.04,3.32,0.058823529411764705,5.0,5.0,0.203065134099617,boom_bust,none,below_average_qb_context
Jayden Higgins,HOU,23.0,122.3,00-0040130,0.122965641952984,17.0,,0.1139240506329113,9.0,12.159420289855072,41.0,68.0,0.0,12.804878048780488,3.0,0.0,,4.0,0.24593128390596747,complementary,none,below_average_qb_context
Rashod Bateman,BAL,26.0,202.5,00-0036550,0.12209412209412214,13.0,corrected,0.1607142857142857,9.0,12.0,19.0,38.0,0.0,11.789473684210526,2.0526315789473686,0.0,,3.0,0.28992628992629,complementary,red_zone,average_qb_context
Jalen McMillan,TB,24.0,145.9,00-0039855,0.13074597072062452,17.0,corrected,0.0131578947368421,1.0,11.933333333333334,12.0,73.0,1.0,14.833333333333334,4.916666666666667,0.25,1.0,4.0,0.234750462107209,complementary,none,below_average_qb_context
Jauan Jennings,MIN,29.0,155.6,00-0036259,0.18545454545454587,15.0,corrected,0.2444444444444444,22.0,9.731182795698924,55.0,90.0,0.0,11.690909090909091,3.290909090909091,0.0,,5.0,0.301282051282051,high_floor,red_zone,below_average_qb_context
Jalen Nailor,LV,27.0,149.5,00-0037291,0.113247863247863,17.0,,0.1688311688311688,13.0,12.148148148148149,29.0,53.0,2.0,15.310344827586206,3.8620689655172415,0.11764705882352941,6.5,5.0,0.186234817813765,boom_bust,red_zone,below_average_qb_context
De'Zhaun Stribling,SF,23.0,145.3,,,,,,,,,,,,,,,2.0,0.24353049907578625,unconfirmed,none,elite_qb_context
Adonai Mitchell,NYJ,23.0,172.2,00-0039890,0.14834905660377362,16.0,,0.1311475409836065,8.0,14.551724137931034,33.0,74.0,1.0,13.727272727272727,2.4242424242424243,0.0625,-4.0,5.0,0.30357142857142855,complementary,none,below_average_qb_context
Antonio Williams,WAS,22.0,173.8,,,,,,,,,,,,,,,1.0,0.2361111111111113,unconfirmed,none,elite_qb_context
Cooper Kupp,SEA,33.0,209.3,00-0033908,0.16346153846153863,16.0,,0.2,13.0,7.492957746478873,47.0,70.0,0.0,12.617021276595745,6.23404255319149,0.0,,3.0,0.358241758241758,complementary,yac,average_qb_context
Denzel Boston,CLE,22.0,154.3,,,,,,,,,,,,,,,5.0,0.203065134099617,unconfirmed,none,below_average_qb_context
Omar Cooper,NYJ,22.0,145.1,,,,,,,,,,,,,,,5.0,0.30357142857142855,unconfirmed,none,below_average_qb_context
Germie Bernard,PIT,22.0,193.7,,,,,,,,,,,,,,,3.0,0.21494252873563208,unconfirmed,none,average_qb_context
Travis Hunter,JAX,23.0,140.7,00-0040718,,,,0.057471264367816,5.0,7.866666666666666,,,,,,,,3.0,0.23658906882591102,unconfirmed,none,average_qb_context
Xavier Legette,CAR,25.0,214.8,00-0039342,0.15111111111111072,15.0,,0.1666666666666666,12.0,9.890625,35.0,64.0,1.0,10.371428571428572,2.142857142857143,0.06666666666666667,0.0,5.0,0.254166666666667,complementary,none,below_average_qb_context
Kayshon Boutte,NE,24.0,195.6,00-0038608,0.11588618850029639,14.0,corrected,0.0606060606060606,4.0,16.97826086956522,33.0,46.0,0.0,16.696969696969695,1.1515151515151516,0.0,,1.0,0.2955459770114948,complementary,deep_threat,elite_qb_context
Darnell Mooney,NYG,28.0,201.3,00-0036309,0.1572254335260116,15.0,,0.125,8.0,14.15277777777778,32.0,72.0,0.0,13.84375,2.28125,0.0,,3.0,0.3368162675098938,complementary,none,average_qb_context
Bub Means,NO,25.0,216.0,00-0039386,0.12330754352030937,4.0,,,,,,15.0,,,,,,5.0,0.29336283185840656,unconfirmed,none,below_average_qb_context
Malik Washington,MIA,25.0,181.4,00-0039880,0.140692640692641,17.0,,0.1641791044776119,11.0,5.184615384615385,46.0,65.0,17.0,6.891304347826087,5.5,1.0,6.470588235294118,4.0,0.140692640692641,high_floor,rushing,below_average_qb_context
Ja'Kobi Lane,BAL,22.0,212.7,,,,,,,,,,,,,,,3.0,0.28992628992629,unconfirmed,none,average_qb_context
Darius Slayton,NYG,29.0,215.6,00-0035535,0.15208747514910528,14.0,corrected,0.1176470588235294,8.0,12.96923076923077,37.0,63.0,0.0,14.54054054054054,5.351351351351352,0.0,,3.0,0.3368162675098938,complementary,deep_threat,average_qb_context
Troy Franklin,DEN,23.0,213.8,00-0039868,0.178082191780822,17.0,,0.2359550561797752,21.0,12.345794392523365,65.0,104.0,5.0,10.907692307692308,4.338461538461538,0.29411764705882354,2.4,2.0,0.2299783549783545,boom_bust,red_zone,elite_qb_context
Tyquan Thornton,KC,26.0,210.6,00-0038104,0.09547662416514878,12.0,corrected,0.0493827160493827,4.0,26.89189189189189,19.0,37.0,0.0,23.05263157894737,3.1052631578947367,0.0,,3.0,0.30191256830601004,complementary,deep_threat,average_qb_context
Zachariah Branch,ATL,22.0,180.3,,,,,,,,,,,,,,,4.0,0.3057161207450221,unconfirmed,none,below_average_qb_context
Tory Horton,SEA,23.0,212.6,00-0040648,0.10274725274725285,8.0,corrected,0.0615384615384615,4.0,15.318181818181818,13.0,22.0,0.0,12.384615384615385,2.5384615384615383,0.0,,3.0,0.358241758241758,unconfirmed,none,average_qb_context
Christian Kirk,SF,29.0,215.1,00-0034775,0.1453230313989808,11.0,corrected,0.0886075949367088,7.0,6.886792452830188,28.0,52.0,0.0,8.535714285714286,4.107142857142857,0.0,,2.0,0.24353049907578625,complementary,none,elite_qb_context
Devaughn Vele,NO,28.0,214.9,00-0039424,0.13038348082595874,9.0,corrected,0.0961538461538461,5.0,10.8,25.0,39.0,0.0,11.72,1.36,0.0,,5.0,0.29336283185840656,complementary,none,below_average_qb_context
Hollywood Brown,PHI,,215.9,00-0035662,0.14321493624772294,16.0,,0.1234567901234567,10.0,11.297297297297296,49.0,74.0,0.0,11.979591836734693,3.877551020408163,0.0,,3.0,0.243534482758621,complementary,none,average_qb_context
Andrei Iosivas,CIN,26.0,215.2,00-0038619,0.10811403508771934,15.0,,0.0853658536585365,7.0,10.448275862068966,33.0,58.0,3.0,13.181818181818182,3.121212121212121,0.2,4.666666666666667,1.0,0.32329358552631615,complementary,none,elite_qb_context
Ryan Flournoy,DAL,26.0,162.8,00-0039410,0.10455793520043936,15.0,,0.0673076923076923,7.0,8.321428571428571,40.0,56.0,4.0,11.875,5.1,0.26666666666666666,6.25,1.0,0.25205930807248833,complementary,none,elite_qb_context
Isaac TeSlaa,DET,24.0,169.3,00-0040669,0.05961038961038962,14.0,,0.1222222222222222,11.0,13.037037037037036,16.0,27.0,0.0,14.9375,3.4375,0.0,,2.0,0.312727272727273,unconfirmed,none,elite_qb_context
Tre' Harris,LAC,24.0,165.1,00-0040727,0.08398437499999999,16.0,,0.0632911392405063,5.0,9.255813953488373,30.0,43.0,2.0,10.8,4.633333333333334,0.125,5.0,4.0,0.224264705882353,complementary,none,below_average_qb_context
Jalen Tolbert,MIA,27.0,215.5,00-0037666,0.07935200439319053,12.0,corrected,0.048076923076923,5.0,11.657142857142857,18.0,34.0,0.0,11.277777777777779,2.5555555555555554,0.0,,4.0,0.140692640692641,boom_bust,none,below_average_qb_context
Chris Bell,MIA,22.0,215.0,,,,,,,,,,,,,,,4.0,0.140692640692641,unconfirmed,none,below_average_qb_context
Caleb Douglas,MIA,22.0,214.1,,,,,,,,,,,,,,,4.0,0.140692640692641,unconfirmed,none,below_average_qb_context
Dyami Brown,WAS,26.0,216.0,00-0036626,0.10453714475652318,11.0,corrected,0.1034482758620689,9.0,14.0,20.0,37.0,6.0,11.35,1.55,0.5454545454545454,5.0,1.0,0.2361111111111113,complementary,none,elite_qb_context
Ted Hurst,TB,22.0,204.7,,,,,,,,,,,,,,,4.0,0.234750462107209,unconfirmed,none,below_average_qb_context
Treylon Burks,WAS,26.0,215.8,00-0037742,0.10821759259259255,8.0,corrected,0.0784313725490196,4.0,13.454545454545457,10.0,22.0,0.0,13.0,3.4,0.0,,1.0,0.2361111111111113,unconfirmed,none,elite_qb_context
Ashton Dulin,IND,29.0,216.0,00-0035021,0.02672955974842769,12.0,,0.0120481927710843,1.0,15.8,5.0,10.0,3.0,21.2,10.6,0.25,14.666666666666666,2.0,0.17962264150943413,unconfirmed,none,elite_qb_context
Dontayvion Wicks,PHI,25.0,188.6,00-0038393,0.13076923076923078,13.0,corrected,0.0579710144927536,4.0,11.23913043478261,30.0,46.0,1.0,11.066666666666666,2.2333333333333334,0.07692307692307693,6.0,3.0,0.243534482758621,complementary,none,average_qb_context
Jack Bech,LV,23.0,215.4,00-0040729,0.07128397917871596,14.0,,0.064516129032258,4.0,8.275862068965518,20.0,29.0,0.0,11.2,3.4,0.0,,5.0,0.186234817813765,unconfirmed,none,below_average_qb_context
Elic Ayomanor,TEN,23.0,215.7,00-0040170,0.17841981132075493,16.0,,0.1568627450980392,8.0,12.651685393258427,41.0,89.0,0.0,12.560975609756097,2.8048780487804876,0.0,,5.0,0.29572564612326074,boom_bust,none,below_average_qb_context
Chimere Dike,TEN,24.0,215.9,00-0040705,0.139622641509434,17.0,,0.2745098039215686,14.0,8.094594594594595,48.0,74.0,11.0,8.8125,4.583333333333333,0.6470588235294118,1.6363636363636365,5.0,0.29572564612326074,complementary,red_zone,below_average_qb_context
Jahan Dotson,ATL,26.0,215.6,00-0037741,0.08793103448275859,15.0,,0.081967213114754,5.0,15.416666666666666,18.0,36.0,0.0,14.555555555555555,2.7777777777777777,0.0,,4.0,0.3057161207450221,complementary,deep_threat,below_average_qb_context
Jaylin Noel,HOU,23.0,215.0,00-0040138,0.0632911392405063,17.0,,0.0632911392405063,5.0,9.342857142857143,26.0,35.0,6.0,11.23076923076923,3.8076923076923075,0.35294117647058826,2.0,4.0,0.24593128390596747,boom_bust,none,below_average_qb_context
Pat Bryant,DEN,23.0,204.5,00-0040134,0.10972075869336144,13.0,corrected,0.0898876404494382,8.0,8.36734693877551,31.0,49.0,0.0,12.193548387096774,4.741935483870968,0.0,,2.0,0.2299783549783545,complementary,none,elite_qb_context
Savion Williams,GB,24.0,215.9,00-0040009,0.03079710144927535,12.0,,0.0579710144927536,4.0,1.7,10.0,10.0,11.0,7.8,6.1,0.9166666666666666,3.3636363636363638,2.0,0.2032608695652168,unconfirmed,none,elite_qb_context
Joshua Palmer,BUF,26.0,215.8,,,,,,,,,,,,,,,1.0,0.21072546972860132,unconfirmed,none,elite_qb_context
Luke McCaffrey,WAS,25.0,215.9,00-0039355,0.06558641975308638,9.0,corrected,0.0588235294117647,3.0,13.625,11.0,15.0,0.0,18.454545454545453,6.2727272727272725,0.0,,1.0,0.2361111111111113,unconfirmed,none,elite_qb_context
Marvin Mims,DEN,24.0,215.8,00-0038976,0.09897260273972605,15.0,,0.0337078651685393,3.0,9.372549019607844,37.0,51.0,12.0,8.702702702702704,6.243243243243243,0.8,6.5,2.0,0.2299783549783545,complementary,rushing,elite_qb_context
KaVontae Turpin,DAL,30.0,215.9,00-0037801,0.07095002745744099,15.0,,0.048076923076923,5.0,8.921052631578947,26.0,38.0,17.0,15.23076923076923,8.23076923076923,1.1333333333333333,5.235294117647059,1.0,0.25205930807248833,complementary,yac,elite_qb_context
Olamide Zaccheaus,ATL,29.0,216.0,00-0035208,0.14836197636949572,14.0,corrected,0.1830985915492957,13.0,7.0,39.0,65.0,4.0,8.025641025641026,3.5384615384615383,0.2857142857142857,6.25,4.0,0.3057161207450221,complementary,none,below_average_qb_context
Xavier Hutchinson,HOU,26.0,216.0,00-0038618,0.10951627486437655,16.0,,0.0886075949367088,7.0,10.24561403508772,35.0,57.0,3.0,12.228571428571428,4.171428571428572,0.1875,7.333333333333333,4.0,0.24593128390596747,complementary,none,below_average_qb_context
Calvin Austin,NYG,27.0,216.0,00-0037837,0.12794198139025786,14.0,corrected,0.0512820512820512,4.0,11.0,31.0,55.0,0.0,12.0,4.129032258064516,0.0,,3.0,0.3368162675098938,complementary,none,average_qb_context
DeMario Douglas,NE,25.0,215.9,00-0038621,0.10140041493775934,16.0,,0.106060606060606,7.0,9.673913043478262,31.0,46.0,7.0,14.419354838709678,6.903225806451613,0.4375,3.0,1.0,0.2955459770114948,complementary,none,elite_qb_context
Elijah Sarratt,BAL,23.0,210.5,,,,,,,,,,,,,,,3.0,0.28992628992629,unconfirmed,none,average_qb_context
Keon Coleman,BUF,23.0,211.3,00-0039901,0.17449547668754292,12.0,corrected,0.1538461538461538,12.0,10.629032258064516,38.0,59.0,0.0,10.631578947368421,2.3157894736842106,0.0,,1.0,0.21072546972860132,high_floor,none,elite_qb_context
Jaylin Lane,WAS,24.0,216.0,00-0040164,0.08395061728395065,15.0,,0.0392156862745098,2.0,13.34375,16.0,32.0,1.0,14.0625,2.4375,0.06666666666666667,7.0,1.0,0.2361111111111113,complementary,deep_threat,elite_qb_context
Nick Westbrook-Ikhine,IND,29.0,216.0,00-0036182,0.05661005661005662,13.0,,0.0298507462686567,2.0,5.5,11.0,20.0,0.0,8.090909090909092,2.5454545454545454,0.0,,2.0,0.17962264150943413,unconfirmed,none,elite_qb_context
Jahdae Walker,CHI,24.0,,00-0040277,0.0532581453634085,6.0,corrected,0.028169014084507,2.0,13.0,6.0,10.0,0.0,14.5,1.3333333333333333,0.0,,2.0,0.23966165413533824,unconfirmed,none,elite_qb_context
Demarcus Robinson,SF,31.0,216.0,00-0032775,0.07727272727272723,14.0,,0.0444444444444444,4.0,13.11111111111111,22.0,35.0,1.0,12.545454545454545,1.6363636363636365,0.07142857142857142,6.0,2.0,0.24353049907578625,boom_bust,none,elite_qb_context
Cedric Tillman,CLE,26.0,216.0,00-0038979,0.1058429118773946,12.0,corrected,0.0701754385964912,4.0,11.871794871794872,21.0,39.0,0.0,12.857142857142858,2.9523809523809526,0.0,,5.0,0.203065134099617,complementary,none,below_average_qb_context
Tutu Atwell,MIA,26.0,215.9,00-0036849,0.05486230636833054,8.0,corrected,0.0091743119266055,1.0,20.133333333333333,6.0,15.0,0.0,32.0,11.166666666666666,0.0,,4.0,0.140692640692641,unconfirmed,none,below_average_qb_context
Kevin Coleman,MIA,22.0,216.0,,,,,,,,,,,,,,,4.0,0.140692640692641,unconfirmed,none,below_average_qb_context
Kendrick Bourne,ARI,31.0,215.9,00-0033307,0.11701298701298705,14.0,corrected,0.0222222222222222,2.0,11.0188679245283,37.0,53.0,0.0,14.891891891891891,4.45945945945946,0.0,,4.0,0.204213938411669,complementary,none,below_average_qb_context
Kalif Raymond,CHI,31.0,215.9,00-0032464,0.061818181818181765,15.0,,0.0222222222222222,2.0,5.633333333333334,24.0,30.0,2.0,12.041666666666666,6.541666666666667,0.13333333333333333,9.5,2.0,0.23966165413533824,complementary,yac,elite_qb_context
Cyrus Allen,KC,23.0,,,,,,,,,,,,,,,,3.0,0.30191256830601004,unconfirmed,none,average_qb_context
Skyler Bell,BUF,24.0,215.5,,,,,,,,,,,,,,,1.0,0.21072546972860132,unconfirmed,none,elite_qb_context
Bryce Lance,NO,23.0,216.0,,,,,,,,,,,,,,,5.0,0.29336283185840656,unconfirmed,none,below_average_qb_context
Jordan Whittington,LAR,25.0,216.0,00-0039751,0.04876649454962711,15.0,,0.0091743119266055,1.0,6.84,18.0,25.0,3.0,9.5,4.888888888888889,0.2,4.0,1.0,0.3035714285714288,unconfirmed,none,elite_qb_context
Devontez Walker,BAL,25.0,215.8,00-0039792,0.041769041769041865,8.0,corrected,0.0178571428571428,1.0,24.5,6.0,8.0,0.0,22.666666666666668,3.8333333333333335,0.0,,3.0,0.28992628992629,unconfirmed,none,average_qb_context
Zavion Thomas,CHI,22.0,215.6,,,,,,,,,,,,,,,2.0,0.23966165413533824,unconfirmed,none,elite_qb_context
Odell Beckham,NYG,33.0,215.9,00-0031235,0.07108274647887322,8.0,,,,,,19.0,,,,,,3.0,0.3368162675098938,unconfirmed,none,average_qb_context
Malachi Fields,NYG,22.0,214.4,,,,,,,,,,,,,,,3.0,0.3368162675098938,unconfirmed,none,average_qb_context
Dont'e Thornton,LV,23.0,216.0,00-0040581,0.09385351490614656,11.0,corrected,0.032258064516129,2.0,16.566666666666666,10.0,30.0,0.0,13.5,3.8,0.0,,5.0,0.186234817813765,complementary,none,below_average_qb_context
Isaiah Bond,CLE,22.0,215.9,00-0040782,0.09553001277139209,15.0,,0.0701754385964912,4.0,17.068181818181817,18.0,44.0,5.0,18.77777777777778,4.388888888888889,0.3333333333333333,5.8,5.0,0.203065134099617,complementary,deep_threat,below_average_qb_context
Konata Mumpfield,LAR,23.0,216.0,00-0040590,0.06729776247848537,10.0,corrected,0.036697247706422,4.0,12.869565217391305,10.0,23.0,0.0,9.2,2.5,0.0,,1.0,0.3035714285714288,unconfirmed,none,elite_qb_context
Brenen Thompson,LAC,23.0,215.7,,,,,,,,,,,,,,,4.0,0.224264705882353,unconfirmed,none,below_average_qb_context
Mack Hollins,NE,32.0,215.9,00-0033555,0.16375222288085314,14.0,corrected,0.0757575757575757,5.0,13.092307692307692,46.0,65.0,1.0,11.956521739130435,2.347826086956522,0.07142857142857142,4.0,1.0,0.2955459770114948,boom_bust,none,elite_qb_context
KeAndre Lambert-Smith,LAC,24.0,216.0,00-0040184,0.03750000000000006,10.0,,0.0253164556962025,2.0,17.583333333333332,5.0,12.0,0.0,10.2,4.2,0.0,,4.0,0.224264705882353,unconfirmed,none,below_average_qb_context
Kyle Williams,NE,23.0,216.0,00-0024348,0.05290456431535275,14.0,,0.0,0.0,19.047619047619047,,,,,,,,1.0,0.2955459770114948,unconfirmed,none,elite_qb_context
Tez Johnson,TB,24.0,215.9,00-0040237,0.09217498459642638,15.0,,0.0921052631578947,7.0,11.727272727272728,28.0,44.0,7.0,11.5,3.9285714285714284,0.4666666666666667,3.142857142857143,4.0,0.234750462107209,complementary,none,below_average_qb_context
Jimmy Horn,CAR,23.0,215.9,00-0040218,0.053125,10.0,corrected,0.0416666666666666,3.0,6.0,11.0,15.0,8.0,9.818181818181818,6.454545454545454,0.8,8.625,5.0,0.254166666666667,unconfirmed,none,below_average_qb_context
Mitch Tinsley,CIN,26.0,216.0,,,,,,,,,,,,,,,1.0,0.32329358552631615,unconfirmed,none,elite_qb_context
Jalen Royals,KC,23.0,216.0,00-0040646,0.04644808743169365,2.0,corrected,0.0,0.0,7.333333333333333,2.0,3.0,0.0,2.0,2.0,0.0,,3.0,0.30191256830601004,unconfirmed,none,average_qb_context
Anthony Gould,IND,25.0,,00-0039816,0.005831903945111372,11.0,,0.0,0.0,-1.0,2.0,2.0,0.0,3.0,4.0,0.0,,2.0,0.17962264150943413,unconfirmed,none,elite_qb_context
Malik Benson,LV,23.0,,,,,,,,,,,,,,,,5.0,0.186234817813765,unconfirmed,none,below_average_qb_context
Greg Dortch,DET,28.0,216.0,00-0035500,0.07576985413290117,12.0,corrected,0.0666666666666666,7.0,1.7575757575757576,29.0,33.0,7.0,7.103448275862069,6.689655172413793,0.5833333333333334,2.142857142857143,2.0,0.312727272727273,complementary,yac,elite_qb_context
Bo Melton,GB,27.0,,00-0037091,,,,0.0,0.0,17.076923076923077,,,,,,,,2.0,0.2032608695652168,unconfirmed,none,elite_qb_context
Ben Skowronek,PIT,29.0,216.0,00-0036862,0.0122126436781609,16.0,,0.0128205128205128,1.0,10.166666666666666,4.0,6.0,0.0,17.25,5.75,0.0,,3.0,0.21494252873563208,unconfirmed,none,average_qb_context
Tyrell Shavers,BUF,26.0,216.0,00-0038679,0.0742076295312204,11.0,corrected,0.0,0.0,12.956521739130435,15.0,23.0,0.0,16.333333333333332,4.266666666666667,0.0,,1.0,0.21072546972860132,unconfirmed,none,elite_qb_context
Derius Davis,LAC,25.0,216.0,00-0038573,0.008522727272727208,11.0,,0.0,0.0,11.0,2.0,3.0,2.0,5.0,4.0,0.18181818181818182,2.5,4.0,0.224264705882353,unconfirmed,none,below_average_qb_context
Malachi Corley,CLE,24.0,216.0,00-0039920,0.03799489144316729,12.0,,0.0175438596491228,1.0,-0.5,11.0,14.0,13.0,7.181818181818182,6.181818181818182,1.0833333333333333,9.76923076923077,5.0,0.203065134099617,unconfirmed,none,below_average_qb_context
Xavier Smith,LAR,28.0,216.0,00-0038359,0.04388984509466439,16.0,,0.0275229357798165,3.0,16.875,18.0,24.0,0.0,16.833333333333332,5.944444444444445,0.0,,1.0,0.3035714285714288,unconfirmed,none,elite_qb_context
Isaiah Williams,NYJ,25.0,216.0,00-0039451,0.08644067796610173,15.0,,0.0163934426229508,1.0,3.388888888888889,26.0,36.0,3.0,7.423076923076923,4.576923076923077,0.2,11.333333333333334,5.0,0.30357142857142855,complementary,none,below_average_qb_context
Colbie Young,CIN,24.0,216.0,,,,,,,,,,,,,,,1.0,0.32329358552631615,unconfirmed,none,elite_qb_context
CJ Daniels,LAR,24.0,216.0,,,,,,,,,,,,,,,1.0,0.3035714285714288,unconfirmed,none,elite_qb_context
Justin Watson,HOU,30.0,,00-0034386,0.059667477388996276,18.0,corrected,0.0253164556962025,2.0,8.25,3.0,36.0,0.0,10.0,4.666666666666667,0.0,,4.0,0.24593128390596747,complementary,none,below_average_qb_context
Jonathan Mingo,DAL,25.0,,00-0039062,0.07991638564776511,19.0,,0.0,0.0,19.4,1.0,47.0,0.0,25.0,4.0,0.0,,1.0,0.25205930807248833,boom_bust,none,elite_qb_context
Tai Felton,MIN,23.0,216.0,00-0040154,0.009081196581196566,12.0,,0.0,0.0,3.6666666666666665,3.0,3.0,0.0,8.333333333333334,4.666666666666667,0.0,,5.0,0.301282051282051,unconfirmed,none,below_average_qb_context
Darius Cooper,PHI,24.0,216.0,00-0040024,0.06716954022988494,6.0,corrected,0.0,0.0,9.909090909090908,9.0,11.0,0.0,10.222222222222221,2.4444444444444446,0.0,,3.0,0.243534482758621,unconfirmed,none,average_qb_context
Barion Brown,NO,22.0,216.0,,,,,,,,,,,,,,,5.0,0.29336283185840656,unconfirmed,none,below_average_qb_context
Laquon Treadwell,IND,31.0,216.0,00-0032951,0.0,6.0,,,,,0.0,0.0,0.0,,,0.0,,2.0,0.17962264150943413,unconfirmed,none,elite_qb_context
Reggie Virgil,ARI,22.0,216.0,,,,,,,,,,,,,,,4.0,0.204213938411669,unconfirmed,none,below_average_qb_context
Brycen Tremayne,CAR,26.0,,00-0038840,0.042499999999999996,15.0,,0.0138888888888888,1.0,8.722222222222221,14.0,18.0,0.0,11.428571428571429,4.142857142857143,0.0,,5.0,0.254166666666667,unconfirmed,none,below_average_qb_context
Kaden Wetjen,PIT,24.0,216.0,,,,,,,,,,,,,,,3.0,0.21494252873563208,unconfirmed,none,average_qb_context
Arian Smith,NYJ,24.0,216.0,00-0040582,0.04432855280312912,13.0,,0.0,0.0,13.5,7.0,16.0,4.0,7.428571428571429,4.714285714285714,0.3076923076923077,3.25,5.0,0.30357142857142855,unconfirmed,none,below_average_qb_context
Kameron Johnson,TB,24.0,,00-0039589,0.0129390018484288,17.0,,0.0,0.0,12.571428571428571,4.0,7.0,2.0,16.0,5.0,0.11764705882352941,6.5,4.0,0.234750462107209,unconfirmed,none,below_average_qb_context
JuJu Smith-Schuster,NYG,29.0,216.0,00-0033857,0.0819672131147541,17.0,,0.1111111111111111,9.0,5.422222222222223,33.0,45.0,0.0,10.454545454545455,5.787878787878788,0.0,,3.0,0.3368162675098938,complementary,none,average_qb_context
David Moore,CAR,31.0,216.0,00-0033589,0.10589294651794644,18.0,,0.0,0.0,5.0,1.0,58.0,1.0,5.0,0.0,0.3333333333333333,12.0,5.0,0.254166666666667,complementary,none,below_average_qb_context
Braxton Berrios,NYG,30.0,,00-0034419,0.03656495937651208,10.0,corrected,0.0253164556962025,2.0,3.0,6.0,12.0,0.0,6.166666666666667,3.0,0.0,,3.0,0.3368162675098938,unconfirmed,none,average_qb_context
Devin Duvernay,ARI,28.0,216.0,00-0036331,0.0093984962406015,17.0,,0.0140845070422535,1.0,15.0,2.0,5.0,0.0,13.0,0.0,0.0,,4.0,0.204213938411669,unconfirmed,none,below_average_qb_context
Mason Kinsey,TEN,27.0,,00-0036176,0.021383647798741984,6.0,,0.0,0.0,23.0,2.0,4.0,0.0,24.0,1.5,0.0,,5.0,0.29572564612326074,unconfirmed,none,below_average_qb_context
Michael Bandy,DEN,28.0,,00-0036959,0.029109589041095674,4.0,corrected,0.0112359550561797,1.0,6.0,4.0,4.0,0.0,12.5,6.5,0.0,,2.0,0.2299783549783545,unconfirmed,none,elite_qb_context
Skyy Moore,GB,25.0,216.0,00-0038090,0.0127272727272727,17.0,,0.0,0.0,15.714285714285714,5.0,7.0,2.0,17.4,5.8,0.11764705882352941,5.5,2.0,0.2032608695652168,unconfirmed,none,elite_qb_context
Britain Covey,PHI,29.0,,00-0037132,0.0244252873563218,6.0,,0.0,0.0,2.0,2.0,4.0,0.0,10.0,10.0,0.0,,3.0,0.243534482758621,unconfirmed,none,average_qb_context
Dareke Young,LV,27.0,216.0,00-0037093,0.014010989010988812,8.0,,0.0,0.0,19.0,2.0,3.0,0.0,24.0,0.0,0.0,,5.0,0.186234817813765,unconfirmed,none,below_average_qb_context
Jacob Cowing,SF,25.0,216.0,00-0039365,0.013255360623781633,15.0,,,,,,6.0,,,,,,2.0,0.24353049907578625,unconfirmed,none,elite_qb_context
Charlie Jones,CIN,27.0,,00-0038576,0.0019971804511277427,14.0,,0.0,0.0,42.0,0.0,1.0,0.0,,,0.0,,1.0,0.32329358552631615,unconfirmed,none,elite_qb_context
Jalen Brooks,ARI,26.0,216.0,00-0038640,0.0581161900019599,17.0,corrected,0.0,0.0,11.333333333333334,3.0,36.0,0.0,17.0,6.333333333333333,0.0,,4.0,0.204213938411669,boom_bust,none,below_average_qb_context
Nikko Remigio,KC,26.0,216.0,00-0038519,0.0022118136872235072,14.0,,0.0,0.0,18.0,1.0,1.0,1.0,21.0,3.0,0.07142857142857142,11.0,3.0,0.30191256830601004,unconfirmed,none,average_qb_context
Jeshaun Jones,MIN,26.0,,00-0039710,0.0,1.0,,,,,0.0,0.0,0.0,,,0.0,,5.0,0.301282051282051,unconfirmed,none,below_average_qb_context
Mason Tipton,NO,25.0,216.0,00-0039623,0.06393805309734506,8.0,corrected,0.0384615384615384,2.0,8.764705882352942,11.0,17.0,4.0,6.909090909090909,3.3636363636363638,0.5,4.5,5.0,0.29336283185840656,unconfirmed,none,below_average_qb_context
Efton Chism,NE,24.0,216.0,00-0040563,0.013226141078837975,8.0,,0.0151515151515151,1.0,11.666666666666666,3.0,3.0,0.0,25.0,13.333333333333334,0.0,,1.0,0.2955459770114948,unconfirmed,none,elite_qb_context
LaJohntay Wester,BAL,24.0,216.0,00-0040075,0.0,14.0,,,,,0.0,0.0,0.0,,,0.0,,3.0,0.28992628992629,unconfirmed,none,average_qb_context
Ke'Shawn Williams,CIN,24.0,,00-0040534,0.002960640891675318,11.0,,0.0,0.0,5.0,1.0,1.0,2.0,5.0,0.0,0.18181818181818182,5.0,1.0,0.32329358552631615,unconfirmed,none,elite_qb_context
Myles Price,MIN,24.0,,00-0040506,0.0,16.0,,,,,0.0,0.0,0.0,,,0.0,,5.0,0.301282051282051,unconfirmed,none,below_average_qb_context
Gage Larvadain,CLE,24.0,,00-0040259,0.03507220748600058,13.0,,0.0175438596491228,1.0,8.333333333333334,7.0,14.0,1.0,10.142857142857142,4.0,0.07692307692307693,3.0,5.0,0.203065134099617,unconfirmed,none,below_average_qb_context
Josh Cameron,JAX,23.0,216.0,,,,,,,,,,,,,,,3.0,0.23658906882591102,unconfirmed,none,average_qb_context
Ricky Pearsall,SF,25.0,119.1,00-0039916,0.18202020202020208,9.0,corrected,0.0444444444444444,4.0,14.11320754716981,36.0,53.0,2.0,14.666666666666666,2.0555555555555554,0.2222222222222222,-1.0,2.0,0.24353049907578625,boom_bust,deep_threat,elite_qb_context
Stefon Diggs,WAS,32.0,132.1,00-0031588,0.211618257261411,17.0,,0.1818181818181818,12.0,8.53921568627451,85.0,102.0,0.0,11.91764705882353,4.1647058823529415,0.0,,1.0,0.2361111111111113,high_floor,none,elite_qb_context
Keenan Allen,LAC,33.0,206.7,00-0030279,0.224264705882353,17.0,,0.2025316455696202,16.0,8.418032786885245,81.0,122.0,0.0,9.592592592592593,2.8518518518518516,0.0,,4.0,0.224264705882353,high_floor,none,below_average_qb_context
Tyreek Hill,FA,31.0,215.4,00-0033040,0.22469085799065663,21.0,corrected,0.0298507462686567,2.0,13.758620689655173,21.0,151.0,0.0,12.619047619047619,2.7142857142857144,0.0,,,0.22469085799065663,boom_bust,none,unknown
Brandon Aiyuk,SF,28.0,215.6,00-0036261,0.22250069618490675,7.0,,,,,,47.0,,,,,,2.0,0.24353049907578625,boom_bust,none,elite_qb_context
Roman Wilson,PIT,25.0,215.8,00-0039739,0.07598978288633468,9.0,corrected,0.0128205128205128,1.0,13.19047619047619,12.0,21.0,0.0,13.833333333333334,5.5,0.0,,3.0,0.21494252873563208,unconfirmed,none,average_qb_context
Chris Brazzell,CAR,22.0,215.9,,,,,,,,,,,,,,,5.0,0.254166666666667,unconfirmed,none,below_average_qb_context
Erik Ezukanma,PHI,26.0,215.9,00-0038092,0.0598591549295761,1.0,,,,,,2.0,,,,,,3.0,0.243534482758621,unconfirmed,none,average_qb_context
Joshua Cephus,,25.0,215.9,00-0039552,,,,,,,,,,,,,,,0.0,unconfirmed,none,unknown
Miles Boykin,,29.0,215.9,00-0035703,,,,,,,,,,,,,,,0.0,unconfirmed,none,unknown
A.T. Perry,PIT,26.0,216.0,00-0038612,,,,,,,,,,,,,,3.0,0.21494252873563208,unconfirmed,none,average_qb_context
Andrew Armstrong,KC,25.0,216.0,,,,,,,,,,,,,,,3.0,0.30191256830601004,unconfirmed,none,average_qb_context
Brandin Cooks,FA,32.0,216.0,00-0031236,0.08332198774676648,13.0,,0.0,0.0,25.90909090909091,24.0,36.0,0.0,11.625,1.7916666666666667,0.0,,,0.22469085799065663,complementary,none,unknown
Brandon Smith,PIT,27.0,216.0,00-0038113,,,,,,,,,,,,,,3.0,0.21494252873563208,unconfirmed,none,average_qb_context
Brenden Rice,,24.0,216.0,00-0039415,,,,,,,,,,,,,,,0.0,unconfirmed,none,unknown
Brennan Presley,LAR,24.0,216.0,00-0040597,,,,,,,,,,,,,,1.0,0.3035714285714288,unconfirmed,none,elite_qb_context
Casey Washington,CAR,25.0,216.0,00-0039394,0.07452199406900355,7.0,corrected,0.0,0.0,19.33333333333333,6.0,16.0,0.0,15.666666666666666,2.0,0.0,,5.0,0.254166666666667,unconfirmed,none,below_average_qb_context
Cedrick Wilson,DET,30.0,216.0,00-0034418,0.05519480519480525,6.0,corrected,0.044776119402985,3.0,8.777777777777779,5.0,9.0,0.0,8.8,5.0,0.0,,2.0,0.312727272727273,unconfirmed,none,elite_qb_context
Chase Roberts,LV,25.0,216.0,,,,,,,,,,,,,,,5.0,0.186234817813765,unconfirmed,none,below_average_qb_context
Cole Beasley,,34.0,216.0,00-0029000,,,,,,,,,,,,,,,0.0,unconfirmed,none,unknown
Curtis Samuel,,29.0,216.0,00-0033282,0.05323590814196247,6.0,corrected,0.0128205128205128,1.0,16.11111111111111,7.0,9.0,0.0,11.571428571428571,3.857142857142857,0.0,,,0.0,unconfirmed,none,unknown
Dante Pettis,BUF,30.0,216.0,00-0034860,0.04137168141592928,8.0,corrected,0.0,0.0,9.545454545454543,9.0,11.0,0.0,14.11111111111111,9.555555555555555,0.0,,1.0,0.21072546972860132,unconfirmed,none,elite_qb_context
DeAndre Hopkins,BAL,33.0,216.0,00-0030564,0.0958230958230958,17.0,,0.0535714285714285,3.0,13.153846153846152,22.0,39.0,0.0,15.0,2.9545454545454546,0.0,,3.0,0.28992628992629,complementary,deep_threat,average_qb_context
Deion Burks,IND,23.0,216.0,,,,,,,,,,,,,,,2.0,0.17962264150943413,unconfirmed,none,elite_qb_context
Dennis Houston,TB,27.0,216.0,00-0037570,,,,,,,,,,,,,,4.0,0.234750462107209,unconfirmed,none,below_average_qb_context
Deontay Burnett,,26.0,216.0,00-0034653,,,,,,,,,,,,,,,0.0,unconfirmed,none,unknown
Dillon Bell,MIN,22.0,216.0,,,,,,,,,,,,,,,5.0,0.301282051282051,unconfirmed,none,below_average_qb_context
Dontae Fleming,MIN,24.0,216.0,,,,,,,,,,,,,,,5.0,0.301282051282051,unconfirmed,none,below_average_qb_context
Elijah Moore,PHI,26.0,216.0,00-0036980,0.06703781025284167,9.0,corrected,0.0,0.0,8.352941176470589,9.0,17.0,6.0,12.444444444444445,6.444444444444445,0.6666666666666666,4.0,3.0,0.243534482758621,unconfirmed,none,average_qb_context
Equanimeous St. Brown,,28.0,216.0,00-0034279,,,,,,,,,,,,,,,0.0,unconfirmed,none,unknown
Frank Darby,,26.0,216.0,00-0036951,,,,,,,,,,,,,,,0.0,unconfirmed,none,unknown
Gunner Olszewski,NYG,29.0,216.0,00-0035645,0.027460238568588438,16.0,,0.0294117647058823,2.0,10.0,10.0,13.0,0.0,14.5,7.4,0.0,,3.0,0.3368162675098938,unconfirmed,none,average_qb_context
Isaiah Hodgins,NYG,27.0,216.0,00-0036165,0.10702451954937052,6.0,corrected,0.0588235294117647,4.0,10.894736842105264,10.0,19.0,0.0,11.5,1.7,0.0,,3.0,0.3368162675098938,unconfirmed,none,average_qb_context
Isaiah Neyor,GB,25.0,216.0,,,,,,,,,,,,,,,2.0,0.2032608695652168,unconfirmed,none,elite_qb_context
J.Michael Sturdivant,,,216.0,,,,,,,,,,,,,,,,0.0,unconfirmed,none,unknown
JP Richardson,CHI,24.0,216.0,00-0040275,,,,,,,,,,,,,,2.0,0.23966165413533824,unconfirmed,none,elite_qb_context
Ja'Lynn Polk,,24.0,216.0,00-0039907,0.08014285714285715,14.0,,,,,,33.0,,,,,,,0.0,boom_bust,none,unknown
Jake Bobo,SEA,28.0,216.0,00-0038752,0.0342725815485042,17.0,,0.0,0.0,7.0,2.0,19.0,0.0,10.0,3.0,0.0,,3.0,0.358241758241758,unconfirmed,none,average_qb_context
Jalen Reagor,MIA,27.0,216.0,00-0036387,0.05935408786732619,7.0,,,,,,12.0,,,,,,4.0,0.140692640692641,unconfirmed,none,below_average_qb_context
Jalin Hyatt,NYG,24.0,216.0,00-0038938,0.0788601722995362,6.0,corrected,0.0147058823529411,1.0,20.0,5.0,14.0,0.0,7.0,0.4,0.0,,3.0,0.3368162675098938,unconfirmed,none,average_qb_context
James Washington,,28.0,216.0,00-0034676,,,,,,,,,,,,,,,0.0,unconfirmed,none,unknown
Jamison Crowder,,31.0,216.0,00-0031941,0.08769841269841272,5.0,,,,,,13.0,,,,,,,0.0,unconfirmed,none,unknown
Jaray Jenkins,,24.0,216.0,,,,,,,,,,,,,,,,0.0,unconfirmed,none,unknown
Jaxon Janke,,25.0,216.0,,,,,,,,,,,,,,,,0.0,unconfirmed,none,unknown
Jerjuan Newton,,24.0,216.0,,,,,,,,,,,,,,,,0.0,unconfirmed,none,unknown
Jermaine Burton,,24.0,216.0,00-0039810,0.047372611464968045,8.0,,,,,,14.0,,,,,,,0.0,unconfirmed,none,unknown
John Ross,,29.0,216.0,00-0033460,0.0813397129186601,1.0,,,,,,2.0,,,,,,,0.0,unconfirmed,none,unknown
Johnny Wilson,PHI,25.0,216.0,00-0039236,0.06100478468899515,10.0,,,,,,15.0,,,,,,3.0,0.243534482758621,unconfirmed,none,average_qb_context
Jordan Moore,CIN,24.0,216.0,,,,,,,,,,,,,,,1.0,0.32329358552631615,unconfirmed,none,elite_qb_context
Jordan Watkins,SF,24.0,216.0,00-0040172,0.046363636363635906,2.0,corrected,0.0,0.0,14.333333333333334,2.0,3.0,0.0,13.0,0.5,0.0,,2.0,0.24353049907578625,unconfirmed,none,elite_qb_context
Josh Reynolds,,31.0,216.0,00-0033943,0.11534810239311485,13.0,corrected,0.0327868852459016,2.0,12.545454545454543,11.0,45.0,0.0,9.181818181818182,1.2727272727272727,0.0,,,0.0,boom_bust,none,unknown
K.J. Osborn,TEN,29.0,216.0,00-0036345,0.08742857142857142,7.0,,,,,,18.0,,,,,,5.0,0.29572564612326074,unconfirmed,none,below_average_qb_context
Kazmeir Allen,,25.0,216.0,,,,,,,,,,,,,,,,0.0,unconfirmed,none,unknown
Keelan Doss,,28.0,216.0,00-0035120,,,,,,,,,,,,,,,0.0,unconfirmed,none,unknown
Kevin Austin,NO,26.0,216.0,00-0037231,0.10887997334994132,13.0,corrected,0.0384615384615384,2.0,8.304347826086957,13.0,45.0,0.0,10.76923076923077,4.3076923076923075,0.0,,5.0,0.29336283185840656,complementary,none,below_average_qb_context
Kirk Merritt,,26.0,216.0,00-0035844,,,,,,,,,,,,,,,0.0,unconfirmed,none,unknown
Kwamie Lassiter,,26.0,216.0,,,,,,,,,,,,,,,,0.0,unconfirmed,none,unknown
Lewis Bond,HOU,23.0,216.0,,,,,,,,,,,,,,,4.0,0.24593128390596747,unconfirmed,none,below_average_qb_context
Lil'Jordan Humphrey,DEN,28.0,216.0,00-0035406,0.12070434535643279,7.0,corrected,0.0224719101123595,2.0,8.733333333333333,13.0,25.0,0.0,12.0,2.230769230769231,0.0,,2.0,0.2299783549783545,unconfirmed,none,elite_qb_context
Malik Cunningham,DET,27.0,216.0,00-0038911,0.0,1.0,,0.0,0.0,,0.0,0.0,1.0,,,1.0,1.0,2.0,0.312727272727273,unconfirmed,none,elite_qb_context
Malik Heath,ATL,25.0,216.0,00-0038465,0.036956521739130374,7.0,corrected,0.0,0.0,9.285714285714286,6.0,7.0,0.0,14.333333333333334,4.833333333333333,0.0,,4.0,0.3057161207450221,unconfirmed,none,below_average_qb_context
Malik Taylor,,29.0,216.0,00-0035480,,,,,,,,,,,,,,,0.0,unconfirmed,none,unknown
Marquez Valdes-Scantling,DAL,31.0,216.0,00-0034272,0.09959595959595954,9.0,corrected,0.0641025641025641,5.0,12.666666666666666,14.0,29.0,0.0,8.571428571428571,2.0,0.0,,1.0,0.25205930807248833,unconfirmed,none,elite_qb_context
Maurice Alexander,CHI,29.0,216.0,00-0031393,0.0,2.0,,,,,,0.0,,,,,,2.0,0.23966165413533824,unconfirmed,none,elite_qb_context
Michael Strachan,,28.0,216.0,,,,,,,,,,,,,,,,0.0,unconfirmed,none,unknown
Nick Nash,WAS,26.0,216.0,,,,,,,,,,,,,,,1.0,0.2361111111111113,unconfirmed,none,elite_qb_context
Noah Brown,,30.0,216.0,00-0033591,0.1521604938271604,15.0,corrected,0.0392156862745098,2.0,14.5,5.0,66.0,0.0,16.6,2.2,0.0,,,0.0,boom_bust,none,unknown
Rakim Jarrett,,24.0,216.0,00-0038821,0.04151865008880987,8.0,,,,,,11.0,,,,,,,0.0,unconfirmed,none,unknown
Ricky White,SEA,24.0,216.0,00-0040653,,,,,,,,,,,,,,3.0,0.358241758241758,unconfirmed,none,average_qb_context
Robert Lewis,,23.0,216.0,,,,,,,,,,,,,,,,0.0,unconfirmed,none,unknown
Ronnie Bell,NO,26.0,216.0,00-0038647,0.053197398609601536,6.0,corrected,0.0384615384615384,2.0,19.5,2.0,10.0,0.0,11.5,0.5,0.0,,5.0,0.29336283185840656,unconfirmed,none,below_average_qb_context
Scotty Miller,CHI,29.0,216.0,,,,,,,,,,,,,,,2.0,0.23966165413533824,unconfirmed,none,elite_qb_context
Scotty Washington,,28.0,216.0,,,,,,,,,,,,,,,,0.0,unconfirmed,none,unknown
Sterling Shepard,,33.0,216.0,00-0032385,0.12811033698279542,13.0,corrected,0.1052631578947368,8.0,8.38888888888889,39.0,53.0,4.0,9.512820512820513,3.8205128205128207,0.3076923076923077,4.75,,0.0,high_floor,none,unknown
Terrace Marshall,MIA,26.0,216.0,00-0036955,0.034459459459459336,5.0,,,,,,6.0,,,,,,4.0,0.140692640692641,unconfirmed,none,below_average_qb_context
Tim Jones,JAX,28.0,216.0,00-0036497,0.0193913859645434,10.0,,0.0,0.0,4.0,1.0,6.0,0.0,15.0,11.0,0.0,,3.0,0.23658906882591102,unconfirmed,none,average_qb_context
Tim Patrick,NYJ,32.0,216.0,00-0033375,0.05737589649838274,13.0,,0.1034482758620689,9.0,10.75,15.0,24.0,0.0,12.466666666666667,3.6,0.0,,5.0,0.30357142857142855,unconfirmed,none,below_average_qb_context
Tommy Mellott,,24.0,216.0,,,,,,,,,,,,,,,,0.0,unconfirmed,none,unknown
Trebor Pena,JAX,24.0,216.0,,,,,,,,,,,,,,,3.0,0.23658906882591102,unconfirmed,none,average_qb_context
Trent Taylor,,31.0,216.0,00-0033292,0.0165692007797269,2.0,,,,,,1.0,,,,,,,0.0,unconfirmed,none,unknown
Trey Palmer,NO,25.0,216.0,00-0039052,0.04428656009473064,15.0,,,,,,22.0,,,,,,5.0,0.29336283185840656,unconfirmed,none,below_average_qb_context
Tylan Wallace,CLE,27.0,216.0,00-0036630,0.030377484922939537,11.0,,0.0357142857142857,2.0,13.375,4.0,8.0,0.0,11.25,4.25,0.0,,5.0,0.203065134099617,unconfirmed,none,below_average_qb_context
Tyler Johnson,DAL,27.0,216.0,00-0036427,0.07203389830508478,9.0,corrected,0.0491803278688524,3.0,11.666666666666666,12.0,18.0,0.0,16.416666666666668,5.333333333333333,0.0,,1.0,0.25205930807248833,unconfirmed,none,elite_qb_context
Tyler Scott,LAR,24.0,216.0,00-0038941,0.008079847908745049,4.0,,,,,,1.0,,,,,,1.0,0.3035714285714288,unconfirmed,none,elite_qb_context
Van Jefferson,WAS,30.0,216.0,00-0036415,0.11913746630727762,14.0,corrected,0.0588235294117647,3.0,11.98076923076923,29.0,52.0,0.0,12.068965517241379,2.8620689655172415,0.0,,1.0,0.2361111111111113,complementary,none,elite_qb_context
Will Sheppard,GB,24.0,216.0,,,,,,,,,,,,,,,2.0,0.2032608695652168,unconfirmed,none,elite_qb_context
Xavier Guillory,BAL,25.0,216.0,,,,,,,,,,,,,,,3.0,0.28992628992629,unconfirmed,none,average_qb_context
Xavier Restrepo,TEN,24.0,216.0,00-0040522,0.11226415094339605,2.0,corrected,0.0196078431372549,1.0,11.0,3.0,7.0,0.0,13.666666666666666,3.0,0.0,,5.0,0.29572564612326074,unconfirmed,none,below_average_qb_context
Xavier Weaver,ARI,25.0,216.0,00-0039521,0.05116925214169937,7.0,corrected,0.0285714285714285,3.0,14.76923076923077,7.0,13.0,0.0,9.571428571428571,2.857142857142857,0.0,,4.0,0.204213938411669,unconfirmed,none,below_average_qb_context
