team,games,total_yds,total_ypg,pass_yds,pass_ypg,rush_yds,rush_ypg,points,points_per_game
North Texas,14,7174,512.4,4452,318.0,2722,194.4,631,45.1
Mississippi,15,7345,489.7,4700,313.3,2645,176.3,554,36.9
South Fla.,13,6353,488.7,3596,276.6,2757,212.1,526,40.5
Utah,13,6278,482.9,2816,216.6,3462,266.3,537,41.3
Texas State,13,6147,472.8,3260,250.8,2887,222.1,474,36.5
Florida St.,12,5665,472.1,3041,253.4,2624,218.7,396,33.0
Tennessee,13,6062,466.3,3807,292.8,2255,173.5,517,39.8
USC,13,6051,465.5,3848,296.0,2203,169.5,465,35.8
Vanderbilt,13,6017,462.8,3735,287.3,2282,175.5,500,38.5
Texas Tech,14,6459,461.4,3899,278.5,2560,182.9,552,39.4
Georgia Tech,13,5980,460.0,3413,262.5,2567,197.5,418,32.2
Notre Dame,12,5502,458.5,3061,255.1,2441,203.4,504,42.0
Arkansas,12,5458,454.8,3155,262.9,2303,191.9,395,32.9
Old Dominion,13,5911,454.7,2813,216.4,3098,238.3,416,32.0
James Madison,14,6337,452.6,2956,211.1,3381,241.5,519,37.1
Oregon,15,6783,452.2,3804,253.6,2979,198.6,554,36.9
Indiana,16,7232,452.0,3826,239.1,3406,212.9,666,41.6
Baylor,12,5413,451.1,3715,309.6,1698,141.5,373,31.1
East Carolina,13,5837,449.0,3545,272.7,2292,176.3,425,32.7
UNLV,14,6249,446.4,3512,250.9,2737,195.5,477,34.1
Connecticut,13,5788,445.2,3697,284.4,2091,160.8,459,35.3
Florida Atlantic,12,5336,444.7,4082,340.2,1254,104.5,354,29.5
Texas A&M,13,5779,444.5,3378,259.8,2401,184.7,439,33.8
Boise St.,14,5936,424.0,3429,244.9,2507,179.1,418,29.9
Duke,14,5929,423.5,3995,285.4,1934,138.1,484,34.6
Ohio St.,14,5916,422.6,3755,268.2,2161,154.4,468,33.4
TCU,13,5479,421.5,3771,290.1,1708,131.4,399,30.7
UTSA,13,5444,418.8,3219,247.6,2225,171.2,462,35.5
Virginia,14,5850,417.9,3348,239.1,2502,178.7,431,30.8
Arizona St.,13,5425,417.3,2908,223.7,2517,193.6,335,25.8
SMU,13,5420,416.9,3680,283.1,1740,133.8,419,32.2
Missouri,13,5412,416.3,2444,188.0,2968,228.3,393,30.2
Navy,13,5403,415.6,1690,130.0,3713,285.6,409,31.5
Toledo,13,5398,415.2,3095,238.1,2303,177.2,401,30.8
Delaware,13,5351,411.6,3802,292.5,1549,119.2,377,29.0
Memphis,13,5351,411.6,2969,228.4,2382,183.2,422,32.5
Ohio,13,5350,411.5,2394,184.2,2956,227.4,361,27.8
Tulane,14,5760,411.4,3432,245.1,2328,166.3,388,27.7
Washington,13,5329,409.9,3178,244.5,2151,165.5,443,34.1
Utah St.,13,5323,409.5,3211,247.0,2112,162.5,402,30.9
Jacksonville St.,14,5722,408.7,2268,162.0,3454,246.7,394,28.1
Arizona,13,5299,407.6,3318,255.2,1981,152.4,410,31.5
Cincinnati,13,5295,407.3,3006,231.2,2289,176.1,394,30.3
Rutgers,12,4885,407.1,3193,266.1,1692,141.0,344,28.7
Western Ky.,13,5287,406.7,3538,272.2,1749,134.5,384,29.5
Air Force,12,4879,406.6,1742,145.2,3137,261.4,360,30.0
Marshall,12,4865,405.4,2495,207.9,2370,197.5,369,30.8
Miami (FL),16,6480,405.0,4051,253.2,2429,151.8,495,30.9
UAB,12,4851,404.3,3187,265.6,1664,138.7,317,26.4
Kennesaw St.,14,5634,402.4,3403,243.1,2231,159.4,374,26.7
Georgia,14,5633,402.4,3083,220.2,2550,182.1,449,32.1
San Jose St.,12,4827,402.3,3391,282.6,1436,119.7,257,21.4
Southern Miss.,13,5227,402.1,3459,266.1,1768,136.0,374,28.8
Ga. Southern,13,5220,401.5,3216,247.4,2004,154.2,363,27.9
BYU,14,5593,399.5,3100,221.4,2493,178.1,440,31.4
Mississippi St.,13,5189,399.2,3135,241.2,2054,158.0,395,30.4
Tulsa,12,4775,397.9,2669,222.4,2106,175.5,278,23.2
FIU,13,5161,397.0,2800,215.4,2361,181.6,371,28.5
Michigan,13,5160,396.9,2428,186.8,2732,210.2,358,27.5
Iowa St.,12,4753,396.1,2657,221.4,2096,174.7,329,27.4
Houston,13,5128,394.5,2813,216.4,2315,178.1,378,29.1
Wake Forest,13,5120,393.8,3090,237.7,2030,156.2,365,28.1
Hawaii,13,5119,393.8,3778,290.6,1341,103.2,377,29.0
North Carolina St.,13,5099,392.2,3194,245.7,1905,146.5,400,30.8
Clemson,13,5099,392.2,3481,267.8,1618,124.5,354,27.2
Missouri St.,13,5098,392.2,3636,279.7,1462,112.5,333,25.6
Pittsburgh,13,5077,390.5,3553,273.3,1524,117.2,438,33.7
Kansas,12,4686,390.5,2667,222.3,2019,168.3,337,28.1
Liberty,12,4674,389.5,2346,195.5,2328,194.0,307,25.6
Texas,13,5050,388.5,3259,250.7,1791,137.8,396,30.5
Louisville,13,4999,384.5,2868,220.6,2131,163.9,389,29.9
App State,13,4995,384.2,3336,256.6,1659,127.6,314,24.2
Boston Col.,12,4609,384.1,3362,280.2,1247,103.9,305,25.4
Arkansas St.,13,4975,382.7,3374,259.5,1601,123.2,327,25.2
South Alabama,12,4570,380.8,2174,181.2,2396,199.7,318,26.5
UCF,12,4545,378.8,2649,220.8,1896,158.0,292,24.3
Georgia St.,12,4538,378.2,3049,254.1,1489,124.1,237,19.8
Eastern Mich.,12,4527,377.3,2817,234.8,1710,142.5,289,24.1
Auburn,12,4487,373.9,2365,197.1,2122,176.8,321,26.8
Illinois,13,4860,373.8,3065,235.8,1795,138.1,382,29.4
Middle Tenn.,12,4459,371.6,3193,266.1,1266,105.5,269,22.4
Nebraska,13,4817,370.5,2920,224.6,1897,145.9,373,28.7
Kansas St.,12,4441,370.1,2385,198.8,2056,171.3,353,29.4
Alabama,15,5515,367.7,3953,263.5,1562,104.1,443,29.5
Penn St.,13,4706,362.0,2439,187.6,2267,174.4,405,31.2
Buffalo,12,4336,361.3,2748,229.0,1588,132.3,288,24.0
Maryland,12,4320,360.0,3068,255.7,1252,104.3,282,23.5
Louisiana Tech,13,4669,359.2,2129,163.8,2540,195.4,355,27.3
California,13,4649,357.6,3587,275.9,1062,81.7,329,25.3
New Mexico,13,4639,356.8,2662,204.8,1977,152.1,364,28.0
San Diego St.,13,4633,356.4,2050,157.7,2583,198.7,343,26.4
Oklahoma,13,4606,354.3,3066,235.8,1540,118.5,341,26.2
Fresno St.,13,4600,353.8,2384,183.4,2216,170.5,335,25.8
Akron,12,4242,353.5,2628,219.0,1614,134.5,267,22.3
Oregon St.,12,4197,349.8,2710,225.8,1487,123.9,218,18.2
West Virginia,12,4194,349.5,2267,188.9,1927,160.6,261,21.8
Virginia Tech,12,4185,348.8,1996,166.3,2189,182.4,257,21.4
Northwestern,13,4499,346.1,2417,185.9,2082,160.2,304,23.4
Michigan St.,12,4146,345.5,2672,222.7,1474,122.8,295,24.6
Louisiana,13,4487,345.2,2105,161.9,2382,183.2,338,26.0
Temple,12,4138,344.8,2369,197.4,1769,147.4,334,27.8
Purdue,12,4123,343.6,2606,217.2,1517,126.4,225,18.8
Western Mich.,14,4798,342.7,1939,138.5,2859,204.2,348,24.9
Florida,12,4096,341.3,2455,204.6,1641,136.8,259,21.6
Kentucky,12,4093,341.1,2423,201.9,1670,139.2,276,23.0
Syracuse,12,4085,340.4,2607,217.3,1478,123.2,242,20.2
Washington St.,13,4403,338.7,2737,210.5,1666,128.2,293,22.5
Miami (OH),14,4726,337.6,2622,187.3,2104,150.3,331,23.6
South Carolina,12,4036,336.3,2703,225.3,1333,111.1,272,22.7
Army,13,4365,335.8,1051,80.8,3314,254.9,310,23.8
LSU,13,4336,333.5,2984,229.5,1352,104.0,297,22.8
UTEP,12,3982,331.8,2595,216.3,1387,115.6,280,23.3
Central Mich.,13,4297,330.5,2172,167.1,2125,163.5,293,22.5
Colorado,12,3941,328.4,2434,202.8,1507,125.6,251,20.9
New Mexico St.,12,3935,327.9,3008,250.7,927,77.3,259,21.6
Coastal Carolina,13,4230,325.4,2204,169.5,2026,155.8,288,22.2
Colorado St.,12,3890,324.2,2591,215.9,1299,108.3,222,18.5
UL Monroe,12,3882,323.5,1925,160.4,1957,163.1,199,16.6
Iowa,13,4161,320.1,1861,143.2,2300,176.9,381,29.3
UCLA,12,3839,319.9,2163,180.3,1676,139.7,218,18.2
Sam Houston,12,3792,316.0,2209,184.1,1583,131.9,213,17.8
Wyoming,12,3776,314.7,2196,183.0,1580,131.7,192,16.0
Troy,14,4301,307.2,2929,209.2,1372,98.0,329,23.5
Bowling Green,12,3681,306.8,1815,151.3,1866,155.5,246,20.5
Stanford,12,3678,306.5,2664,222.0,1014,84.5,228,19.0
Rice,13,3931,302.4,1269,97.6,2662,204.8,248,19.1
Nevada,12,3626,302.2,1784,148.7,1842,153.5,211,17.6
Kent St.,12,3532,294.3,2365,197.1,1167,97.3,255,21.3
Minnesota,13,3811,293.2,2469,189.9,1342,103.2,299,23.0
Oklahoma St.,12,3509,292.4,2089,174.1,1420,118.3,170,14.2
North Carolina,12,3465,288.8,2202,183.5,1263,105.3,231,19.3
Northern Illinois,12,3431,285.9,1186,98.8,2245,187.1,205,17.1
Charlotte,12,3429,285.8,2448,204.0,981,81.8,172,14.3
Ball St.,12,3260,271.7,1679,139.9,1581,131.8,190,15.8
Wisconsin,12,3037,253.1,1637,136.4,1400,116.7,154,12.8
Massachusetts,12,2970,247.5,1981,165.1,989,82.4,133,11.1
