,Name,Team,BYE,Pos,ADP,FantasyPros,ESPN Std,Sleeper Std,Y Std,Average,AVGvFP,Landmine,Round,Pick
,Jahmyr Gibbs,DET,6,RB,1,1,1,2,1,1.3,0.33,5.5,1,1
,Bijan Robinson,ATL,11,RB,2,3,2,1,2,1.7,-0.44,5.5,,2
,Ja'Marr Chase,CIN,6,WR,3,2,3,6,3,4.0,1.00,5.4,,3
,Christian McCaffrey,SF,8,RB,7,10,6,4,5,5.0,-0.50,5.8,,4
,Jonathan Taylor,IND,13,RB,5,7,7,3,6,5.3,-0.24,5.5,,5
,Puka Nacua,LAR,11,WR,4,4,4,9,4,5.7,0.42,5.4,,6
,Jaxon Smith-Njigba,SEA,11,WR,6,5,5,10,8,7.7,0.53,5.4,,7
,James Cook,BUF,7,RB,8,9,12,5,9,8.7,-0.04,5.5,,8
,Amon-Ra St. Brown,DET,6,WR,9,6,8,18,7,11.0,0.83,5.4,,9
,Derrick Henry,BAL,13,RB,10,13,11,7,16,11.3,-0.13,5.5,,10
,CeeDee Lamb,DAL,14,WR,11,8,9,15,11,11.7,0.46,5.4,,11
,De'Von Achane,MIA,6,RB,14,22,13,8,15,12.0,-0.45,6.0,,12
,Saquon Barkley,PHI,10,RB,13,16,15,14,10,13.0,-0.19,5.6,2,13
,Justin Jefferson,MIN,6,WR,12,11,10,20,13,14.3,0.30,5.4,,14
,Omarion Hampton,LAC,7,RB,16,23,19,12,17,16.0,-0.30,5.7,,15
,Ashton Jeanty,LV,13,RB,17,28,16,11,23,16.7,-0.40,5.9,,16
,Drake London,ATL,11,WR,15,15,14,21,18,17.7,0.18,5.3,,17
,Kenneth Walker,KC,5,RB,20,20,18,24,12,18.0,-0.10,5.6,,18
,Chase Brown,CIN,6,RB,18,19,23,19,14,18.7,-0.02,5.5,,19
,Jeremiyah Love,ARI,14,RB,32,44,17,17,34,22.7,-0.48,6.7,,20
,Brock Bowers,LV,13,TE,22,17,21,29,19,23.0,0.35,5.3,,21
,Nico Collins,HOU,8,WR,21,14,25,26,20,23.7,0.69,5.3,,22
,Trey McBride,ARI,14,TE,19,21,20,23,30,24.3,0.16,5.3,,23
,George Pickens,DAL,14,WR,25,18,28,28,21,25.7,0.43,5.2,,24
,Kyren Williams,LAR,11,RB,28,30,38,13,27,26.0,-0.13,5.7,3,25
,Breece Hall,NYJ,13,RB,31,40,22,27,31,26.7,-0.33,5.9,,26
,Josh Allen,BUF,7,QB,24,25,36,16,28,26.7,0.07,5.4,,27
,Malik Nabers,NYG,8,WR,29,26,27,30,25,27.3,0.05,5.5,,28
,A.J. Brown,NE,11,WR,23,12,26,34,22,27.3,1.28,4.8,,29
,Chris Olave,NO,8,WR,27,24,29,31,24,28.0,0.17,5.4,,30
,Josh Jacobs,GB,11,RB,30,36,30,22,43,31.7,-0.12,5.6,,31
,Rashee Rice,KC,5,WR,26,29,24,35,36,31.7,0.09,5.2,,32
,Javonte Williams,DAL,14,RB,33,34,32,32,35,33.0,-0.03,5.5,,33
,Tetairoa McMillan,CAR,5,WR,34,38,34,38,37,36.3,-0.04,5.5,,34
,Tee Higgins,CIN,6,WR,36,32,46,37,29,37.3,0.17,5.4,,35
,Travis Etienne,NO,8,RB,37,48,37,36,41,38.0,-0.21,5.7,,36
,Zay Flowers,BAL,13,WR,40,31,35,52,32,39.7,0.28,5.3,4,37
,Garrett Wilson,NYJ,13,WR,38,46,42,39,39,40.0,-0.13,5.7,,38
,DeVonta Smith,PHI,10,WR,43,33,43,55,26,41.3,0.25,5.4,,39
,Jaylen Waddle,DEN,10,WR,46,41,51,43,33,42.3,0.03,5.6,,40
,Cam Skattebo,NYG,8,RB,45,55,40,42,49,43.7,-0.21,6.0,,41
,Lamar Jackson,BAL,13,QB,35,27,56,25,50,43.7,0.62,5.0,,42
,Bucky Irving,TB,10,RB,42,59,41,33,58,44.0,-0.25,5.9,,43
,Emeka Egbuka,TB,10,WR,41,39,33,57,42,44.0,0.13,5.2,,44
,Davante Adams,LAR,11,WR,39,45,31,46,55,44.0,-0.02,5.4,,45
,Colston Loveland,CHI,10,TE,44,37,49,47,38,44.7,0.21,5.3,,46
,Ladd McConkey,LAC,7,WR,47,42,47,48,40,45.0,0.07,5.5,,47
,Quinshon Judkins,CLE,11,RB,48,54,39,45,53,45.7,-0.15,5.8,,48
,Luther Burden,CHI,10,WR,51,57,53,41,45,46.3,-0.19,6.1,5,49
,Terry McLaurin,WAS,7,WR,52,49,45,58,46,49.7,0.01,5.5,,50
,D'Andre Swift,CHI,10,RB,53,50,59,49,44,50.7,0.01,5.6,,51
,Jameson Williams,DET,6,WR,50,47,48,54,52,51.3,0.09,5.3,,52
,Tyler Warren,IND,13,TE,55,62,50,60,47,52.3,-0.16,5.7,,53
,DJ Moore,BUF,7,WR,58,60,52,62,48,54.0,-0.10,5.9,,54
,Bhayshul Tuten,JAC,7,RB,56,63,60,44,59,54.3,-0.14,5.8,,55
,David Montgomery,HOU,8,RB,57,58,61,50,56,55.7,-0.04,5.6,,56
,Rome Odunze,CHI,10,WR,54,56,44,73,51,56.0,0.00,5.4,,57
,Drake Maye,NE,11,QB,49,35,57,51,61,56.3,0.61,5.0,,58
,Rhamondre Stevenson,NE,11,RB,65,71,63,61,65,63.0,-0.11,5.9,,59
,Jayden Daniels,WAS,7,QB,59,51,55,71,63,63.0,0.24,5.1,,60
,Christian Watson,GB,11,WR,64,52,68,69,54,63.7,0.22,5.1,6,61
,Joe Burrow,CIN,6,QB,61,43,74,56,64,64.7,0.50,4.9,,62
,Mike Evans,SF,8,WR,63,61,76,63,60,66.3,0.09,5.3,,63
,Jalen Hurts,PHI,10,QB,62,53,58,76,66,66.7,0.26,5.2,,64
,Carnell Tate,TEN,9,WR,66,75,65,64,74,67.7,-0.10,5.7,,65
,Parker Washington,JAC,7,WR,72,69,70,81,57,69.3,0.00,5.6,,66
,TreVeyon Henderson,NE,11,RB,60,67,99,40,69,69.3,0.03,5.2,,67
,Jadarian Price,SEA,11,RB,68,64,62,86,62,70.0,0.09,5.3,,68
,Harold Fannin,CLE,11,TE,71,87,72,67,77,72.0,-0.17,5.9,,69
,Rico Dowdle,PIT,9,RB,84,81,64,70,83,72.3,-0.11,6.3,,70
,Jaylen Warren,PIT,9,RB,76,78,97,53,71,73.7,-0.06,5.7,,71
,Marvin Harrison,ARI,14,WR,70,70,67,89,68,74.7,0.07,5.3,,72
,DK Metcalf,PIT,9,WR,69,77,66,80,78,74.7,-0.03,5.4,7,73
,Sam LaPorta,DET,6,TE,73,79,73,85,70,76.0,-0.04,5.5,,74
,Kyle Pitts,ATL,11,TE,74,88,71,79,81,77.0,-0.13,5.7,,75
,Courtland Sutton,DEN,10,WR,67,82,54,78,99,77.0,-0.06,5.3,,76
,Brian Thomas,JAC,7,WR,75,74,78,84,73,78.3,0.06,5.2,,77
,Tony Pollard,TEN,9,RB,78,76,98,68,79,81.7,0.07,5.2,,78
,Tucker Kraft,GB,11,TE,77,65,103,77,67,82.3,0.27,4.7,,79
,Caleb Williams,CHI,10,QB,80,66,87,97,72,85.3,0.29,5.0,,80
,Michael Wilson,ARI,14,WR,83,98,89,82,87,86.0,-0.12,5.8,,81
,J.K. Dobbins,DEN,10,RB,87,80,100,75,84,86.3,0.08,5.4,,82
,Justin Herbert,LAC,7,QB,85,68,94,94,75,87.7,0.29,4.8,,83
,Trevor Lawrence,JAC,7,QB,81,72,82,102,80,88.0,0.22,4.9,,84
,Alec Pierce,IND,13,WR,79,86,69,100,97,88.7,0.03,5.2,8,85
,Jaxson Dart,NYG,8,QB,82,94,75,91,102,89.3,-0.05,5.4,,86
,Chuba Hubbard,CAR,5,RB,89,95,106,72,92,90.0,-0.05,5.7,,87
,Dak Prescott,DAL,14,QB,86,73,83,107,82,90.7,0.24,4.9,,88
,Kyle Monangai,CHI,10,RB,90,101,107,65,108,93.3,-0.08,5.7,,89
,Blake Corum,LAR,11,RB,93,84,116,74,91,93.7,0.12,5.2,,90
,Jordan Addison,MIN,6,WR,88,97,80,108,94,94.0,-0.03,5.4,,91
,Jacory Croskey-Merritt,WAS,7,RB,97,89,101,103,86,96.7,0.09,5.3,,92
,Jakobi Meyers,JAC,7,WR,91,114,88,83,123,98.0,-0.14,5.8,,93
,Michael Pittman,PIT,9,WR,94,105,77,119,100,98.7,-0.06,5.6,,94
,Brock Purdy,SF,8,QB,92,92,85,118,98,100.3,0.09,5.1,,95
,George Kittle,SF,8,TE,98,91,102,109,93,101.3,0.11,5.2,,96
,Dalton Kincaid,BUF,7,TE,101,100,111,88,106,101.7,0.02,5.5,9,97
,RJ Harvey,DEN,10,RB,111,109,138,59,109,102.0,-0.06,6.1,,98
,Quentin Johnston,LAC,7,WR,96,85,90,122,95,102.3,0.20,4.6,,99
,Chris Godwin,TB,10,WR,108,90,128,95,85,102.7,0.14,5.3,,100
,Kenny Gainwell,TB,10,RB,106,113,108,93,115,105.3,-0.07,5.8,,101
,Bo Nix,DEN,10,QB,100,96,84,134,101,106.3,0.11,5.1,,102
,Jayden Reed,GB,11,WR,105,102,93,131,96,106.7,0.05,5.3,,103
,Dallas Goedert,PHI,10,TE,104,108,104,100,116,106.7,-0.01,5.5,,104
,Jordan Mason,MIN,6,RB,103,93,109,110,103,107.3,0.15,4.8,,105
,Patrick Mahomes,KC,5,QB,99,99,95,112,118,108.3,0.09,5.0,,106
,Matthew Stafford,LAR,11,QB,102,103,86,130,110,108.7,0.06,5.3,,107
,Jonathon Brooks,CAR,5,RB,113,83,96,159,76,110.3,0.33,4.6,,108
,Josh Downs,IND,13,WR,117,111,126,123,90,113.0,0.02,5.6,10,109
,Stefon Diggs,WAS,7,WR,121,123,125,127,88,113.3,-0.08,6.2,,110
,Travis Kelce,KC,5,TE,110,106,105,117,119,113.7,0.07,5.2,,111
,Mark Andrews,BAL,13,TE,112,117,110,104,128,114.0,-0.03,5.5,,112
,Wan'Dale Robinson,TEN,9,WR,109,121,113,116,114,114.3,-0.06,5.5,,113
,Jordyn Tyson,NO,8,WR,95,133,151,66,129,115.3,-0.13,5.5,,114
,Makai Lemon,PHI,10,WR,107,107,127,,107,117.0,0.09,4.8,,115
,Xavier Worthy,KC,5,WR,114,122,92,135,127,118.0,-0.03,5.5,,116
,Matthew Golden,GB,11,WR,119,127,79,174,104,119.0,-0.06,5.7,,117
,Isaiah Likely,NYG,8,TE,118,116,117,125,121,121.0,0.04,5.4,,118
,Jake Ferguson,DAL,14,TE,116,131,112,105,146,121.0,-0.08,5.6,,119
,KC Concepcion,CLE,11,WR,125,129,115,144,105,121.3,-0.06,5.7,,120
,Aaron Jones,MIN,6,RB,115,118,122,,124,123.0,0.04,5.1,11,121
,Woody Marks,HOU,8,RB,122,128,123,115,132,123.3,-0.04,5.6,,122
,Rachaad White,WAS,7,RB,123,112,121,138,113,124.0,0.11,5.0,,123
,Hunter Henry,NE,11,TE,124,145,118,98,159,125.0,-0.14,6.0,,124
,Tyler Allgeier,ARI,14,RB,128,126,142,96,139,125.7,0.00,5.6,,125
,Travis Hunter,JAC,7,WR,141,180,91,,162,126.5,-0.3,8.1,,126
,Romeo Doubs,NE,11,WR,130,125,130,128,122,126.7,0.01,5.6,,127
,Zach Charbonnet,SEA,11,RB,126,141,124,111,145,126.7,-0.10,5.8,,128
,Brian Robinson,ATL,11,RB,131,149,141,87,154,127.3,-0.15,6.5,,129
,Jalen Coker,CAR,5,WR,134,132,131,146,111,129.3,-0.02,5.7,,130
,Khalil Shakir,BUF,7,WR,129,139,114,133,141,129.3,-0.07,5.7,,131
,De'Zhaun Stribling,SF,8,WR,155,134,81,230,89,133.3,0.00,6.1,,132
,Jared Goff,DET,6,QB,132,104,136,147,120,134.3,0.29,4.9,12,133
,Chris Rodriguez,JAC,7,RB,136,115,139,157,117,137.7,0.20,4.6,,134
,Kyler Murray,MIN,6,QB,135,110,134,169,112,138.3,0.26,4.9,,135
,Juwan Johnson,NO,8,TE,154,136,170,113,133,138.7,0.02,5.9,,136
,Tyjae Spears,TEN,9,RB,142,148,140,136,140,138.7,-0.06,6.0,,137
,Denzel Boston,CLE,11,WR,147,152,144,,136,140.0,-0.08,6.1,,138
,Jalen McMillan,TB,10,WR,162,163,133,,150,141.5,-0.13,7.1,,139
,Mike Washington,LV,13,RB,137,155,157,,126,141.5,-0.09,5.8,,140
,MarShawn Lloyd,GB,11,RB,198,156,143,,142,142.5,-0.09,8.1,,141
,Deebo Samuel,SF,8,WR,133,140,129,151,148,142.7,0.02,5.0,,142
,Jonah Coleman,DEN,10,RB,127,144,156,129,143,142.7,-0.01,5.0,,143
,Brenton Strange,JAC,7,TE,146,150,160,114,157,143.7,-0.04,5.7,,144
,Malik Willis,MIA,6,QB,145,130,150,154,131,145.0,0.12,4.9,13,145
,Tyler Shough,NO,8,QB,138,124,135,162,138,145.0,0.17,4.6,,146
,Terrance Ferguson,LAR,11,TE,148,166,119,156,163,146.0,-0.12,5.9,,147
,Baker Mayfield,TB,10,QB,140,119,149,158,134,147.0,0.24,4.2,,148
,Keaton Mitchell,LAC,7,RB,152,142,155,164,125,148.0,0.04,5.5,,149
,Rashid Shaheed,SEA,11,WR,143,137,132,177,135,148.0,0.08,4.9,,150
,Jordan Love,GB,11,QB,157,120,174,141,130,148.3,0.24,4.9,,151
,Keenan Allen,IND,13,WR,187,195,161,,144,152.5,-0.22,8.4,,152
,Tank Bigsby,PHI,10,RB,151,135,166,161,137,154.7,0.15,4.6,,153
,Adonai Mitchell,NYJ,13,WR,160,158,147,178,147,157.3,0.00,5.6,,154
,Kenyon Sadiq,NYJ,13,TE,149,186,120,,203,161.5,-0.13,6.0,,155
,Dontayvion Wicks,PHI,10,WR,180,173,163,,161,162,-0.06,6.6,,156
,Jalen Nailor,LV,13,WR,178,176,153,,172,162.5,-0.08,6.6,14,157
,Braelon Allen,NYJ,13,RB,164,151,158,,171,164.5,0.09,5.0,,158
,Isiah Pacheco,DET,6,RB,153,147,154,166,178,166.0,0.13,4.3,,159
,Dalton Schultz,HOU,8,TE,174,168,183,,151,167,-0.01,5.7,,160
,Tre Tucker,LV,13,WR,167,159,152,201,149,167.3,0.05,5.2,,161
,Pat Bryant,DEN,10,WR,217,184,,,168,168.0,-0.09,7.9,,162
,Ray Davis,BUF,7,RB,169,174,167,,170,168.5,-0.03,5.7,,163
,Daniel Jones,IND,13,QB,161,146,137,213,156,168.7,0.16,4.6,,164
,AJ Barner,SEA,11,TE,189,172,193,139,176,169.3,-0.02,6.3,,165
,Chig Okonkwo,WAS,7,TE,181,157,191,,152,171.5,0.09,5.3,,166
,Jerry Jeudy,CLE,11,WR,159,165,145,175,196,172,0.04,4.8,,167
,Sam Darnold,SEA,11,QB,177,138,176,186,155,172.3,0.25,4.9,,168
,Dylan Sampson,CLE,11,RB,158,160,168,,179,173.5,0.08,5.0,15,169
,Caleb Douglas,MIA,6,WR,202,218,148,,201,174.5,-0.2,8.2,,170
,C.J. Stroud,HOU,8,QB,176,143,175,182,169,175.3,0.23,4.5,,171
,Ryan Flournoy,DAL,14,WR,203,179,181,,173,177,-0.01,6.6,,172
,Tyrone Tracy,NYG,8,RB,150,153,213,121,197,177.0,0.16,3.6,,173
,T.J. Hockenson,MIN,6,TE,166,192,159,,198,178.5,-0.07,5.5,,174
,Alvin Kamara,NO,8,RB,144,162,171,,188,179.5,0.11,3.5,,175
,Jaylin Noel,HOU,8,WR,179,190,165,,195,180,-0.05,5.8,,176
,Ja'Kobi Lane,BAL,13,WR,175,205,173,,189,181,-0.12,6.2,,177
,Kayshon Boutte,HOU,8,WR,192,164,186,180,183,183,0.12,5.1,,178
,Kaelon Black,SF,8,RB,193,200,189,,181,185,-0.08,6.4,,179
,Calvin Ridley,TEN,9,WR,170,177,146,196,213,185,0.05,4.6,,180
,Tre' Harris,LAC,7,WR,197,170,180,194,185,186.3,0.1,5.3,16,181
,Emmett Johnson,KC,5,RB,139,169,217,,160,188.5,0.12,2.9,,182
,Najee Harris,NYG,8,RB,234,217,169,,209,189,-0.13,8.2,,183
,Rashod Bateman,BAL,13,WR,186,189,162,,219,190.5,0.01,5.3,,184
,Bryce Young,CAR,5,QB,208,167,194,215,167,192.0,0.15,5.2,,185
,Jauan Jennings,MIN,6,WR,173,161,177,,208,192.5,0.20,3.6,,186
,Cam Ward,TEN,9,QB,201,154,195,206,177,192.7,0.25,4.6,,187
,Malik Washington,MIA,6,WR,228,183,187,,202,194.5,0.06,6.3,,188
,Omar Cooper,NYJ,13,WR,156,178,185,,204,194.5,0.09,3.4,,189
,Jaydon Blue,DAL,14,RB,219,191,211,,184,197.5,0.03,6.1,,190
,Zachariah Branch,ATL,11,WR,188,211,184,,222,203,-0.04,5.3,,191
,Jacoby Brissett,ARI,14,QB,216,185,196,,216,206,0.11,5.3,,192
,Nicholas Singleton,TEN,9,RB,165,181,214,,199,206.5,0.14,3.0,17,193
,Gunnar Helm,TEN,9,TE,211,203,192,,225,208.5,0.03,5.4,,194
,Ollie Gordon,MIA,6,RB,238,213,198,,223,210.5,-0.01,6.6,,195
,Demond Claiborne,MIN,6,RB,182,216,215,,207,211,-0.02,4.8,,196
,Kaytron Allen,WAS,7,RB,163,187,212,,210,211,0.13,2.8,,197
,Tank Dell,HOU,8,WR,168,194,178,,254,216,0.11,2.9,,198