"Rank","Player","Position","Position Rank","ADP on April 25","ADP on August  5","ADP Change"
1,"Jahmyr Gibbs","RB","RB1",1.6,1.1,-0.5
2,"Bijan Robinson","RB","RB2",1.5,2,0.5
3,"Ja'Marr Chase","WR","WR1",3.1,3.1,0
4,"Puka Nacua","WR","WR2",4.1,4,-0.1
5,"Jaxon Smith-Njigba","WR","WR3",5.1,5.5,0.4
6,"Christian McCaffrey","RB","RB3",7.2,6,-1.2
7,"Amon-Ra St. Brown","WR","WR4",8.7,7.1,-1.6
8,"Jonathan Taylor","RB","RB4",6.8,8.1,1.3
9,"CeeDee Lamb","WR","WR5",8.7,9.6,0.9
10,"Justin Jefferson","WR","WR6",9.6,10.3,0.7
11,"James Cook","RB","RB5",11.3,11.4,0.1
12,"Ashton Jeanty","RB","RB6",11.6,11.5,-0.1
13,"Saquon Barkley","RB","RB7",14.3,13.5,-0.8
14,"Omarion Hampton","RB","RB8",16.7,14.6,-2.1
15,"Kenneth Walker III","RB","RB9",15.6,15.2,-0.4
16,"Chase Brown","RB","RB10",20.3,15.9,-4.4
17,"Derrick Henry","RB","RB11",18,17.4,-0.6
18,"De'Von Achane","RB","RB12",13.8,18.1,4.3
19,"A.J. Brown","WR","WR7",27.5,18.6,-8.9
20,"Brock Bowers","TE","TE1",22.6,19.7,-2.9
21,"Drake London","WR","WR8",19.6,21,1.4
22,"Nico Collins","WR","WR9",25.8,22.7,-3.1
23,"George Pickens","WR","WR10",25.3,23.5,-1.8
24,"Rashee Rice","WR","WR11",20.4,25.1,4.7
25,"Jeremiyah Love","RB","RB13",23.8,26.8,3
26,"DeVonta Smith","WR","WR13",30.4,27.4,-3
27,"Malik Nabers","WR","WR12",17.7,27.4,9.7
28,"Trey McBride","TE","TE2",22.4,29,6.6
29,"Breece Hall","RB","RB14",32.6,29.5,-3.1
30,"Chris Olave","WR","WR14",34.7,30,-4.7
31,"Zay Flowers","WR","WR15",39.4,30.3,-9.1
32,"Emeka Egbuka","WR","WR16",40,31.8,-8.2
33,"Kyren Williams","RB","RB15",33.9,32.2,-1.7
34,"Tee Higgins","WR","WR17",35.5,34,-1.5
35,"Ladd McConkey","WR","WR18",41.7,34.7,-7
36,"Josh Allen","QB","QB1",30.4,35.7,5.3
37,"Javonte Williams","RB","RB16",37.7,36.3,-1.4
38,"Tetairoa McMillan","WR","WR19",33.8,38.9,5.1
39,"Jaylen Waddle","WR","WR20",48.9,39.6,-9.3
40,"Garrett Wilson","WR","WR21",37.7,40,2.3
41,"Travis Etienne Jr.","RB","RB17",30.8,40.4,9.6
42,"Josh Jacobs","RB","RB18",26.9,41.1,14.2
43,"Cam Skattebo","RB","RB19",50.7,43.6,-7.1
44,"Luther Burden","WR","WR22",42.5,43.7,1.2
45,"Terry McLaurin","WR","WR23",50,44.2,-5.8
46,"Colston Loveland","TE","TE3",45.9,46,0.1
47,"Mike Evans","WR","WR24",45.4,47.7,2.3
48,"David Montgomery","RB","RB20",49,48.5,-0.5
49,"D'Andre Swift","RB","RB21",56.9,49.8,-7.1
50,"Bhayshul Tuten","RB","RB22",57,50.6,-6.4
51,"Davante Adams","WR","WR25",51.8,51,-0.8
52,"Jameson Williams","WR","WR26",47.5,51.9,4.4
53,"TreVeyon Henderson","RB","RB23",47.4,53.6,6.2
54,"Quinshon Judkins","RB","RB24",55,53.7,-1.3
55,"Lamar Jackson","QB","QB2",53.2,55.2,2
56,"Bucky Irving","RB","RB25",43,55.5,12.5
57,"D.J. Moore","WR","WR27",51.4,56.1,4.7
58,"Christian Watson","WR","WR28",59.5,57.1,-2.4
59,"Carnell Tate","WR","WR29",59.9,59.4,-0.5
60,"Rome Odunze","WR","WR30",57.1,59.9,2.8
61,"Brian Thomas","WR","WR31",63.9,62.3,-1.6
62,"Jadarian Price","RB","RB26",60.9,62.4,1.5
63,"Parker Washington","WR","WR32",73.8,63.4,-10.4
64,"Jordyn Tyson","WR","WR33",63.8,63.7,-0.1
65,"Tyler Warren","TE","TE4",69,63.8,-5.2
66,"Drake Maye","QB","QB3",70.9,66.7,-4.2
67,"Jayden Daniels","QB","QB4",64.4,67.9,3.5
68,"Marvin Harrison","WR","WR34",67.2,68.3,1.1
69,"Joe Burrow","QB","QB5",62.9,68.5,5.6
70,"Jalen Hurts","QB","QB6",68.9,71.6,2.7
71,"Jaylen Warren","RB","RB27",81.8,71.9,-9.9
72,"Caleb Williams","QB","QB7",70.6,72.3,1.7
73,"Makai Lemon","WR","WR35",72.7,73.6,0.9
74,"Quentin Johnston","WR","WR36",105.8,74.9,-30.9
75,"Tony Pollard","RB","RB28",83.1,75,-8.1
76,"Rhamondre Stevenson","RB","RB29",76.3,75.8,-0.5
77,"DK Metcalf","WR","WR37",76.9,76.1,-0.8
78,"Tucker Kraft","TE","TE5",84.4,79.5,-4.9
79,"Dak Prescott","QB","QB8",79,80.5,1.5
80,"Alec Pierce","WR","WR38",68.9,81.5,12.6
81,"Jayden Reed","WR","WR39",90.9,82.5,-8.4
82,"Justin Herbert","QB","QB9",87.1,82.8,-4.3
83,"Chuba Hubbard","RB","RB30",69.2,83.4,14.2
84,"Courtland Sutton","WR","WR40",80.3,84.1,3.8
85,"Trevor Lawrence","QB","QB10",83.9,85.7,1.8
86,"RJ Harvey","RB","RB31",78.5,86.7,8.2
87,"Josh Downs","WR","WR41",110,87.2,-22.8
88,"Rico Dowdle","RB","RB32",90.8,87.3,-3.5
89,"Jordan Addison","WR","WR42",80.8,88.6,7.8
90,"Chris Godwin","WR","WR43",90.9,90.1,-0.8
91,"Blake Corum","RB","RB33",98.9,90.6,-8.3
92,"Jonathon Brooks","RB","RB34",129,91.6,-37.4
93,"Sam LaPorta","TE","TE6",102.3,91.7,-10.6
94,"Michael Wilson","WR","WR44",83.3,95,11.7
95,"Patrick Mahomes","QB","QB11",93.8,95.2,1.4
96,"Kyle Monangai","RB","RB35",87,96.7,9.7
97,"J.K. Dobbins","RB","RB36",99.1,97,-2.1
98,"Michael Pittman Jr.","WR","WR45",105.9,99.2,-6.7
99,"Brock Purdy","QB","QB12",98,99.5,1.5
100,"Xavier Worthy","WR","WR46",115.2,99.6,-15.6
101,"Jaxson Dart","QB","QB13",88.4,101.1,12.7
102,"Harold Fannin","TE","TE7",87.1,102.4,15.3
103,"Kyle Pitts","TE","TE8",101,103.8,2.8
104,"Matthew Stafford","QB","QB14",103.2,105.9,2.7
105,"Bo Nix","QB","QB15",97.9,106.6,8.7
106,"Kenneth Gainwell","RB","RB37",118.3,107.4,-10.9
107,"Jakobi Meyers","WR","WR47",90.7,107.5,16.8
108,"Matthew Golden","WR","WR48",111.9,107.9,-4
109,"Rachaad White","RB","RB38",122.3,108.7,-13.6
110,"Jared Goff","QB","QB16",104.2,109.7,5.5
111,"Jordan Mason","RB","RB39",119.6,110.5,-9.1
112,"Wan'Dale Robinson","WR","WR49",111.9,111.5,-0.4
113,"Kyler Murray","QB","QB17",105.8,112.4,6.6
114,"Jordan Love","QB","QB18",107,113.4,6.4
115,"George Kittle","TE","TE9",117.8,114.1,-3.7
116,"Romeo Doubs","WR","WR50",103.4,116.2,12.8
117,"KC Concepcion","WR","WR51",111.5,117.6,6.1
118,"Jacory Croskey-Merritt","RB","RB40",109.9,118.1,8.2
119,"Baker Mayfield","QB","QB19",114.2,118.6,4.4
120,"Ricky Pearsall","WR","WR52",97,119.1,22.1
121,"Travis Kelce","TE","TE10",127.6,121.3,-6.3
122,"Jayden Higgins","WR","WR52",123.9,122.3,-1.6
123,"Aaron Jones","RB","RB41",125.6,122.9,-2.7
124,"Tyler Shough","QB","QB20",114.8,123.3,8.5
125,"Mark Andrews","TE","TE11",137.2,126.1,-11.1
126,"Dalton Kincaid","TE","TE12",132.5,126.5,-6
127,"Khalil Shakir","WR","WR53",127.2,126.5,-0.7
128,"Jalen Coker","WR","WR54",126.9,127.4,0.5
129,"Isaiah Likely","TE","TE13",136.7,127.6,-9.1
130,"Chris Rodriguez","RB","RB42",120.1,129.3,9.2
131,"Rashid Shaheed","WR","WR55",140,130.1,-9.9
132,"Jake Ferguson","TE","TE14",125.4,131.3,5.9
133,"Stefon Diggs","WR","WR56",156.4,132.1,-24.3
134,"Tyrone Tracy","RB","RB43",139.6,134.4,-5.2
135,"Dallas Goedert","TE","TE15",135.4,134.6,-0.8
136,"Keaton Mitchell","RB","RB44",149.5,134.8,-14.7
137,"Malik Willis","QB","QB21",128.4,135,6.6
138,"Deebo Samuel","WR","WR57",171,139.4,-31.6
139,"Chig Okonkwo","TE","TE16",156.9,139.5,-17.4
140,"Travis Hunter","WR","WR58",159.7,140.7,-19
141,"Cam Ward","QB","QB22",141.1,141.4,0.3
142,"Woody Marks","RB","RB45",144.1,141.4,-2.7
143,"Sam Darnold","QB","QB23",134.4,142.5,8.1
144,"C.J. Stroud","QB","QB24",139.3,145,5.7
145,"Omar Cooper Jr.","WR","WR59",134.3,145.1,10.8
146,"De'Zhaun Stribling","WR","WR60",185,145.3,-39.7
147,"Jalen McMillan","WR","WR61",138.2,145.9,7.7
148,"Daniel Jones","QB","QB25",143.9,147,3.1
149,"Jalen Nailor","WR","WR62",160,149.5,-10.5
150,"Brenton Strange","TE","TE17",151.9,150.1,-1.8
151,"Isiah Pacheco","RB","RB46",160.7,152,-8.7
152,"Oronde Gadsden","TE","TE18",116,152.1,36.1
153,"Hunter Henry","TE","TE19",155.6,152.6,-3
154,"Tyjae Spears","RB","RB47",159.4,153.1,-6.3
155,"Denzel Boston","WR","WR63",149.5,154.3,4.8
156,"Jauan Jennings","WR","WR64",149.4,155.6,6.2
157,"Tre Tucker","WR","WR65",174.1,156,-18.1
158,"Tyler Allgeier","RB","RB48",147.5,156,8.5
159,"Juwan Johnson","TE","TE20",154.1,156.3,2.2
160,"Tank Bigsby","RB","RB49",180,159.8,-20.2
161,"Jonah Coleman","RB","RB50",146.9,159.9,13
162,"Bryce Young","QB","QB26",150.6,160.6,10
163,"Zach Charbonnet","RB","RB51",137.2,161.6,24.4
164,"Kenyon Sadiq","TE","TE21",143.7,162.3,18.6
165,"Ryan Flournoy","WR","WR66",199.5,162.8,-36.7
166,"Alvin Kamara","RB","RB52",197.1,164.1,-33
167,"Tre' Harris","WR","WR67",177.3,165.1,-12.2
168,"Dalton Schultz","TE","TE22",173.9,168.5,-5.4
169,"Isaac TeSlaa","WR","WR68",166.6,169.3,2.7
170,"T.J. Hockenson","TE","TE23",163.6,170.7,7.1
171,"Dylan Sampson","RB","RB53",171.6,171.9,0.3
172,"Adonai Mitchell","WR","WR69",193.5,172.2,-21.3
173,"Antonio Williams","WR","WR70",188.5,173.8,-14.7
174,"AJ Barner","TE","TE24",171.9,174.8,2.9
175,"Brian Robinson","RB","RB54",167.2,175.9,8.7
176,"Aaron Rodgers","QB","QB27",198.2,177.3,-20.9
177,"Jerry Jeudy","WR","WR71",170.4,178.5,8.1
178,"Greg Dulcich","TE","TE25",212.7,179,-33.7
179,"Zachariah Branch","WR","WR72",208,180.3,-27.7
180,"Terrance Ferguson","TE","TE26",208.3,180.5,-27.8
181,"Gunnar Helm","TE","TE27",184.4,180.9,-3.5
182,"Malik Washington","WR","WR73",192.3,181.4,-10.9
183,"Jaydon Blue","RB","RB55",214.5,181.7,-32.8
184,"Fernando Mendoza","QB","QB28",166,183.6,17.6
185,"Tank Dell","WR","WR74",195,184.4,-10.6
186,"Geno Smith","QB","QB29",172.3,186.5,14.2
187,"Ray Davis","RB","RB56",204.1,188.1,-16
188,"Calvin Ridley","WR","WR75",175,188.3,13.3
189,"Dontayvion Wicks","WR","WR76",189.3,188.6,-0.7
190,"MarShawn Lloyd","RB","RB57",215.6,189.2,-26.4
191,"Cade Otton","TE","TE28",189,189.3,0.3
192,"Sean Tucker","RB","RB58",202.5,191.2,-11.3
193,"Jacoby Brissett","QB","QB30",166.8,192.4,25.6
194,"Germie Bernard","WR","WR77",185.3,193.7,8.4
195,"Pat Freiermuth","TE","TE29",197.6,193.9,-3.7
196,"Kayshon Boutte","WR","WR78",189.5,195.6,6.1
197,"Emmett Johnson","RB","RB59",179.5,198.3,18.8
198,"Mike Washington Jr.","RB","RB60",164.8,198.5,33.7
199,"Darnell Mooney","WR","WR79",201.9,201.3,-0.6
200,"Kaelon Black","RB","RB61",213.4,202.2,-11.2
201,"Rashod Bateman","WR","WR81",215.2,202.5,-12.7
202,"Kaytron Allen","RB","RB62",193.8,204.2,10.4
203,"Pat Bryant","WR","WR82",213.1,204.5,-8.6
204,"Ted Hurst","WR","WR83",211.1,204.7,-6.4
205,"Keenan Allen","WR","WR84",215.6,206.7,-8.9
206,"Mike Gesicki","TE","TE30",210.9,207.2,-3.7
207,"Tua Tagovailoa","QB","QB31",207.5,208.8,1.3
208,"Nicholas Singleton","RB","RB63",179.2,208.9,29.7
209,"Cooper Kupp","WR","WR85",210.4,209.3,-1.1
210,"Elijah Sarratt","WR","WR86",207.2,210.5,3.3
211,"Tyquan Thornton","WR","WR87",215.5,210.6,-4.9
212,"Eli Stowers","TE","TE31",182.5,210.7,28.2
213,"Colby Parkinson","TE","TE32",214.6,210.8,-3.8
214,"Keon Coleman","WR","WR88",214.4,211.3,-3.1
215,"Shedeur Sanders","QB","QB32",212,212.1,0.1
216,"Evan Engram","TE","TE33",215.4,212.3,-3.1
217,"George Holani","RB","RB64",215.9,212.4,-3.5
218,"Tory Horton","WR","WR89",211,212.6,1.6
219,"Ja'Kobi Lane","WR","WR90",213.7,212.7,-1
220,"David Njoku","TE","TE34",201.5,212.9,11.4
221,"Braelon Allen","RB","RB65",174.7,213.2,38.5
222,"Kimani Vidal","RB","RB66",210,213.2,3.2
223,"Troy Franklin","WR","WR91",211.4,213.8,2.4
224,"Jordan James","RB","RB68",212.1,214,1.9
225,"Justice Hill","RB","RB67",214.7,214,-0.7
226,"Caleb Douglas","WR","WR92",215.5,214.1,-1.4
227,"Demond Claiborne","RB","RB69",211.8,214.3,2.5
228,"Jake Tonges","TE","TE35",213.6,214.4,0.8
229,"Malachi Fields","WR","WR93",213.8,214.4,0.6
230,"James Conner","RB","RB70",210.9,214.5,3.6
231,"DJ Giddens","RB","RB71",215.6,214.7,-0.9
232,"Kirk Cousins","QB","QB33",214.8,214.8,0
233,"Xavier Legette","WR","WR94",215.9,214.8,-1.1
234,"Charlie Kolar","TE","TE36",216,214.9,-1.1
235,"Devaughn Vele","WR","WR95",215.5,214.9,-0.6
236,"Chris Bell","WR","WR97",201.6,215,13.4
237,"Darnell Washington","TE","TE37",215.7,215,-0.7
238,"Jaylin Noel","WR","WR96",215.1,215,-0.1
239,"Michael Mayer","TE","TE38",215.8,215,-0.8
240,"Christian Kirk","WR","WR98",199.4,215.1,15.7
241,"Andrei Iosivas","WR","WR99",215.6,215.2,-0.4
242,"Michael Penix","QB","QB34",213.8,215.3,1.5
243,"Deshaun Watson","QB","QB35",212.2,215.4,3.2
244,"Eli Raridon","TE","TE39",215.7,215.4,-0.3
245,"Jack Bech","WR","WR100",214.8,215.4,0.6
246,"Tyreek Hill","WR","WR100",182.1,215.4,33.3
247,"Erick All","TE","TE40",216,215.5,-0.5
248,"Jalen Tolbert","WR","WR103",215.8,215.5,-0.3
249,"Jaylen Wright","RB","RB72",215.7,215.5,-0.2
250,"Samaje Perine","RB","RB73",215.7,215.5,-0.2
251,"Skyler Bell","WR","WR102",211.9,215.5,3.6
252,"Brandon Aiyuk","WR","WR107",155.7,215.6,59.9
253,"Darius Slayton","WR","WR104",215.7,215.6,-0.1
254,"Jahan Dotson","WR","WR106",215.9,215.6,-0.3
255,"Ollie Gordon","RB","RB74",215.6,215.6,0
256,"Ty Johnson","RB","RB75",215.7,215.6,-0.1
257,"Zavion Thomas","WR","WR104",215.8,215.6,-0.2
258,"Brenen Thompson","WR","WR108",214.6,215.7,1.1
259,"Carson Beck","QB","QB36",215.4,215.7,0.3
260,"Elic Ayomanor","WR","WR109",215.9,215.7,-0.2
261,"LeQuint Allen","RB","RB76",215.6,215.7,0.1
262,"Theo Johnson","TE","TE41",215.3,215.7,0.4
263,"Adam Randall","RB","RB77",215.1,215.8,0.7
264,"Dawson Knox","TE","TE42",215.7,215.8,0.1
265,"Devontez Walker","WR","WR112",216,215.8,-0.2
266,"Emari Demercado","RB","RB79",215.9,215.8,-0.1
267,"Isaiah Davis","RB","RB77",215.9,215.8,-0.1
268,"J.J. McCarthy","QB","QB37",215.9,215.8,-0.1
269,"Joshua Palmer","WR","WR112",216,215.8,-0.2
270,"Marvin Mims Jr.","WR","WR111",216,215.8,-0.2
271,"Mason Taylor","TE","TE43",214.6,215.8,1.2
272,"Roman Wilson","WR","WR110",216,215.8,-0.2
273,"Treylon Burks","WR","WR112",215.9,215.8,-0.1
274,"Avery Williams","RB","RB84",215.9,215.9,0
275,"Ben Sinnott","TE","TE48",216,215.9,-0.1
276,"Chimere Dike","WR","WR115",215.3,215.9,0.6
277,"Chris Brazzell II","WR","WR130",208,215.9,7.9
278,"Chris Myarick","TE","TE47",216,215.9,-0.1
279,"Cole Kmet","TE","TE44",215.9,215.9,0
280,"DeMario Douglas","WR","WR119",215.9,215.9,0
281,"Elijah Arroyo","TE","TE46",215.8,215.9,0.1
282,"Emanuel Wilson","RB","RB80",192.6,215.9,23.3
283,"Erik Ezukanma","WR","WR123",216,215.9,-0.1
284,"Feleipe Franks","TE","TE47",215.9,215.9,0
285,"Hollywood Brown","WR","WR118",215.6,215.9,0.3
286,"Isaiah Bond","WR","WR123",216,215.9,-0.1
287,"Isaiah Spiller","RB","RB86",215.9,215.9,0
288,"Ja'Tavion Sanders","TE","TE44",215.8,215.9,0.1
289,"Jalen Milroe","QB","QB38",216,215.9,-0.1
290,"Jarrett Stidham","QB","QB39",216,215.9,-0.1
291,"Jimmy Horn","WR","WR125",216,215.9,-0.1
292,"John Metchie III","WR","WR130",216,215.9,-0.1
293,"Joshua Cephus","WR","WR122",216,215.9,-0.1
294,"KaVontae Turpin","WR","WR125",216,215.9,-0.1
295,"Kalif Raymond","WR","WR120",216,215.9,-0.1
296,"Kendrick Bourne","WR","WR125",215.8,215.9,0.1
297,"Luke McCaffrey","WR","WR120",216,215.9,-0.1
298,"Mack Hollins","WR","WR125",215.9,215.9,0
299,"Malik Davis","RB","RB82",215.5,215.9,0.4
300,"Mike White","QB","QB41",216,215.9,-0.1
301,"Miles Boykin","WR","WR120",215.9,215.9,0
302,"Mitchell Evans","TE","TE48",215.9,215.9,0
303,"Najee Harris","RB","RB81",215.7,215.9,0.2
304,"Odell Beckham Jr.","WR","WR120",216,215.9,-0.1
305,"Oscar Delp","TE","TE47",215.6,215.9,0.3
306,"Rashaad Penny","RB","RB83",215.9,215.9,0
307,"Savion Williams","WR","WR125",215.8,215.9,0.1
308,"Seth McGowan","RB","RB82",216,215.9,-0.1
309,"Tahj Brooks","RB","RB84",216,215.9,-0.1
310,"Taysom Hill","TE","TE48",216,215.9,-0.1
311,"Tez Johnson","WR","WR115",215.8,215.9,0.1
312,"Tutu Atwell","WR","WR115",216,215.9,-0.1
313,"Tyler Badie","RB","RB86",215.9,215.9,0
314,"A.T. Perry","WR","WR134",216,216,0
315,"AJ Dillon","RB","RB103",216,216,0
316,"Aaron Shampklin","RB","RB93",216,216,0
317,"Adam Trautman","TE","TE59",216,216,0
318,"Aidan O'Connell","QB","QB49",216,216,0
319,"Alexander Mattison","RB","RB97",216,216,0
320,"Ameer Abdullah","RB","RB97",216,216,0
321,"Andrew Armstrong","WR","WR158",216,216,0
322,"Andy Dalton","QB","QB49",216,216,0
323,"Anthony Richardson","QB","QB41",216,216,0
324,"Anthony Tyus","RB","RB100",216,216,0
325,"Antonio Gibson","RB","RB89",216,216,0
326,"Arian Smith","WR","WR154",216,216,0
327,"Ashton Dulin","WR","WR147",216,216,0
328,"Audric Estime","RB","RB92",216,216,0
329,"Austin Ekeler","RB","RB97",216,216,0
330,"Austin Hooper","TE","TE52",216,216,0
331,"Austin Reed","QB","QB40",216,216,0
332,"Bam Knight","RB","RB106",216,216,0
333,"Barion Brown","WR","WR147",216,216,0
334,"Ben Sims","TE","TE59",216,216,0
335,"Ben Skowronek","WR","WR153",216,216,0
336,"Ben Yurosek","TE","TE52",216,216,0
337,"Benny Snell","RB","RB84",216,216,0
338,"Brady Cook","QB","QB50",216,216,0
339,"Brandin Cooks","WR","WR155",216,216,0
340,"Brandon Dillon","TE","TE52",216,216,0
341,"Brandon Smith","WR","WR158",216,216,0
342,"Brashard Smith","RB","RB87",216,216,0
343,"Brenden Rice","WR","WR136",216,216,0
344,"Brennan Presley","WR","WR154",216,216,0
345,"Brevin Jordan","TE","TE71",216,216,0
346,"Brevyn Spann-Ford","TE","TE68",216,216,0
347,"Brian Hill","RB","RB94",216,216,0
348,"Brock Wright","TE","TE64",216,216,0
349,"Bryant Koback","RB","RB101",216,216,0
350,"Bryce Lance","WR","WR135",215.7,216,0.3
351,"Bub Means","WR","WR157",216,216,0
352,"C.J. Uzomah","TE","TE50",216,216,0
353,"CJ Daniels","WR","WR135",215.9,216,0.1
354,"CJ Donaldson","RB","RB108",216,216,0
355,"Cade Klubnik","QB","QB45",216,216,0
356,"Cade Stover","TE","TE57",216,216,0
357,"Caleb Lohner","TE","TE66",216,216,0
358,"Calvin Austin III","WR","WR147",216,216,0
359,"Cam Miller","QB","QB42",216,216,0
360,"Carson Wentz","QB","QB46",215.9,216,0.1
361,"Case Keenum","QB","QB51",216,216,0
362,"Casey Washington","WR","WR154",216,216,0
363,"Cedric Tillman","WR","WR153",215.9,216,0.1
364,"Cedrick Wilson","WR","WR154",216,216,0
365,"Chase Roberts","WR","WR149",216,216,0
366,"Chris Brooks","RB","RB96",215.4,216,0.6
367,"Chris Herndon","TE","TE64",216,216,0
368,"Chris Oladokun","QB","QB41",216,216,0
369,"Colbie Young","WR","WR135",216,216,0
370,"Cole Beasley","WR","WR136",216,216,0
371,"Cole Payton","QB","QB41",216,216,0
372,"Connor Heyward","TE","TE54",215.9,216,0.1
373,"Cooper Rush","QB","QB49",216,216,0
374,"Curtis Samuel","WR","WR127",216,216,0
375,"D'Onta Foreman","RB","RB87",216,216,0
376,"Dallen Bentley","TE","TE64",216,216,0
377,"Dallin Holker","TE","TE54",216,216,0
378,"Dameon Pierce","RB","RB100",216,216,0
379,"Damien Harris","RB","RB92",216,216,0
380,"Damien Martinez","RB","RB95",216,216,0
381,"Daniel Bellinger","TE","TE68",216,216,0
382,"Dante Pettis","WR","WR144",216,216,0
383,"Dare Ogunbowale","RB","RB97",216,216,0
384,"Dareke Young","WR","WR146",216,216,0
385,"Darius Cooper","WR","WR158",216,216,0
386,"Darren Waller","TE","TE55",216,216,0
387,"David Moore","WR","WR157",216,216,0
388,"Davis Allen","TE","TE68",215.9,216,0.1
389,"Davis Mills","QB","QB49",216,216,0
390,"DeAndre Hopkins","WR","WR158",216,216,0
391,"DeeJay Dallas","RB","RB95",216,216,0
392,"Deion Burks","WR","WR147",215.9,216,0.1
393,"Demarcus Robinson","WR","WR132",216,216,0
394,"Deneric Prince","RB","RB90",216,216,0
395,"Dennis Houston","WR","WR151",216,216,0
396,"Deontay Burnett","WR","WR127",216,216,0
397,"Derek Carr","QB","QB45",216,216,0
398,"Derius Davis","WR","WR137",216,216,0
399,"Devin Culp","TE","TE55",216,216,0
400,"Devin Duvernay","WR","WR141",216,216,0
401,"Devin Neal","RB","RB101",215.9,216,0.1
402,"Devin Singletary","RB","RB101",216,216,0
403,"Diego Pavia","QB","QB50",216,216,0
404,"Dillon Bell","WR","WR155",216,216,0
405,"Dillon Gabriel","QB","QB49",216,216,0
406,"Dont'e Thornton","WR","WR156",216,216,0
407,"Dontae Fleming","WR","WR156",216,216,0
408,"Drew Allar","QB","QB49",216,216,0
409,"Drew Lock","QB","QB51",216,216,0
410,"Drew Ogletree","TE","TE61",216,216,0
411,"Drew Sample","TE","TE64",216,216,0
412,"Durham Smythe","TE","TE50",216,216,0
413,"Dwayne Washington","RB","RB101",216,216,0
414,"Dyami Brown","WR","WR147",215.9,216,0.1
415,"Dylan Laube","RB","RB107",216,216,0
416,"Efton Chism","WR","WR147",216,216,0
417,"Elijah Higgins","TE","TE51",216,216,0
418,"Elijah Mitchell","RB","RB92",216,216,0
419,"Elijah Moore","WR","WR158",216,216,0
420,"Emory Jones","QB","QB44",216,216,0
421,"Equanimeous St. Brown","WR","WR161",216,216,0
422,"Eric Gray","RB","RB90",216,216,0
423,"Eric Saubert","TE","TE52",216,216,0
424,"Foster Moreau","TE","TE51",216,216,0
425,"Frank Darby","WR","WR146",216,216,0
426,"Frank Gore","RB","RB99",216,216,0
427,"Gardner Minshew II","QB","QB44",216,216,0
428,"Gary Brightwell","RB","RB92",216,216,0
429,"Grant Calcaterra","TE","TE59",216,216,0
430,"Greg Dortch","WR","WR132",216,216,0
431,"Gunner Olszewski","WR","WR134",216,216,0
432,"Hakeem Butler","WR","WR154",216,216,0
433,"Harrison Bryant","TE","TE48",215.9,216,0.1
434,"Hendon Hooker","QB","QB52",216,216,0
435,"Hunter Luepke","RB","RB100",216,216,0
436,"Ian Thomas","TE","TE55",216,216,0
437,"Isaac Guerendo","RB","RB101",216,216,0
438,"Isaiah Hodgins","WR","WR140",216,216,0
439,"Isaiah Neyor","WR","WR143",216,216,0
440,"Isaiah Williams","WR","WR147",216,216,0
441,"Israel Abanikanda","RB","RB106",216,216,0
442,"J'Mari Taylor","RB","RB92",216,216,0
443,"J.Michael Sturdivant","WR","WR147",216,216,0
444,"J.P. Holtz","TE","TE55",216,216,0
445,"JP Richardson","WR","WR167",216,216,0
446,"Ja'Lynn Polk","WR","WR146",216,216,0
447,"Ja'Quinden Jackson","RB","RB100",216,216,0
448,"JaMycal Hasty","RB","RB89",216,216,0
449,"Jack Endries","TE","TE57",216,216,0
450,"Jack Stoll","TE","TE55",216,216,0
451,"Jackson Hawes","TE","TE68",216,216,0
452,"Jacob Cowing","WR","WR147",216,216,0
453,"Jacob Saylors","RB","RB106",216,216,0
454,"Jake Bobo","WR","WR149",216,216,0
455,"Jake Briningstool","TE","TE59",216,216,0
456,"Jake Browning","QB","QB46",216,216,0
457,"Jaleel McLaughlin","RB","RB88",216,216,0
458,"Jalen Brooks","WR","WR141",216,216,0
459,"Jalen Reagor","WR","WR155",216,216,0
460,"Jalen Royals","WR","WR140",216,216,0
461,"Jalen White","RB","RB96",216,216,0
462,"Jalin Hyatt","WR","WR155",216,216,0
463,"Jam Miller","RB","RB102",216,216,0
464,"Jameis Winston","QB","QB41",216,216,0
465,"James Mitchell","TE","TE50",216,216,0
466,"James Washington","WR","WR161",216,216,0
467,"Jamison Crowder","WR","WR157",216,216,0
468,"Jaray Jenkins","WR","WR137",216,216,0
469,"Jared Wiley","TE","TE69",216,216,0
470,"Jarquez Hunter","RB","RB96",216,216,0
471,"Jawhar Jordan","RB","RB101",216,216,0
472,"Jaxon Janke","WR","WR145",216,216,0
473,"Jaydn Ott","RB","RB102",216,216,0
474,"Jaylin Lane","WR","WR140",216,216,0
475,"Jeremy McNichols","RB","RB98",216,216,0
476,"Jeremy Ruckert","TE","TE55",216,216,0
477,"Jerjuan Newton","WR","WR147",216,216,0
478,"Jermaine Burton","WR","WR140",216,216,0
479,"Jermar Jefferson","RB","RB92",216,216,0
480,"Jerome Ford","RB","RB95",216,216,0
481,"Jimmy Garoppolo","QB","QB49",216,216,0
482,"Jody Fortson","TE","TE49",215.9,216,0.1
483,"Joe Flacco","QB","QB41",216,216,0
484,"Joe Milton","QB","QB44",216,216,0
485,"Joe Mixon","RB","RB85",215.9,216,0.1
486,"Joe Royer","TE","TE57",216,216,0
487,"Joel Wilson","TE","TE54",216,216,0
488,"John Bates","TE","TE62",216,216,0
489,"John Michael Gyllenborg","TE","TE59",216,216,0
490,"John Ross","WR","WR154",216,216,0
491,"Johnny Wilson","WR","WR153",216,216,0
492,"Jonathan Ward","RB","RB116",216,216,0
493,"Jonnu Smith","TE","TE60",216,216,0
494,"Jordan Akins","TE","TE52",216,216,0
495,"Jordan Mims","RB","RB88",216,216,0
496,"Jordan Moore","WR","WR131",216,216,0
497,"Jordan Watkins","WR","WR158",216,216,0
498,"Jordan Whittington","WR","WR140",215.9,216,0.1
499,"Josh Cameron","WR","WR158",216,216,0
500,"Josh Cuevas","TE","TE60",216,216,0
501,"Josh Oliver","TE","TE57",216,216,0
502,"Josh Pederson","TE","TE52",216,216,0
503,"Josh Reynolds","WR","WR154",216,216,0
504,"Josh Whyle","TE","TE57",216,216,0
505,"JuJu Smith-Schuster","WR","WR157",216,216,0
506,"Julian Hill","TE","TE59",216,216,0
507,"Julius Chestnut","RB","RB90",216,216,0
508,"Justin Fields","QB","QB40",215.7,216,0.3
509,"Justin Joly","TE","TE52",215.3,216,0.7
510,"K.J. Osborn","WR","WR153",215.9,216,0.1
511,"Kaden Wetjen","WR","WR158",216,216,0
512,"Kaleb Johnson","RB","RB96",215.9,216,0.1
513,"Kalel Mullings","RB","RB116",216,216,0
514,"Kalen Ballage","RB","RB102",216,216,0
515,"Kareem Hunt","RB","RB91",216,216,0
516,"Kazmeir Allen","RB","RB93",216,216,0
517,"KeAndre Lambert-Smith","WR","WR153",215.9,216,0.1
518,"Keelan Doss","WR","WR136",216,216,0
519,"Keleki Latu","TE","TE59",216,216,0
520,"Kendall Milton","RB","RB94",216,216,0
521,"Kendre Miller","RB","RB95",216,216,0
522,"Kenny McIntosh","RB","RB87",216,216,0
523,"Kenny Pickett","QB","QB47",216,216,0
524,"Kevin Austin","WR","WR158",216,216,0
525,"Kevin Coleman Jr.","WR","WR135",215.9,216,0.1
526,"Khalil Herbert","RB","RB85",216,216,0
527,"Kirk Merritt","WR","WR142",216,216,0
528,"Konata Mumpfield","WR","WR158",216,216,0
529,"Kwamie Lassiter","WR","WR127",216,216,0
530,"Kyle Allen","QB","QB49",216,216,0
531,"Kyle Williams","WR","WR147",215.8,216,0.2
532,"Kylen Granson","TE","TE61",216,216,0
533,"LaJohntay Wester","WR","WR150",216,216,0
534,"Lan Larison","RB","RB95",216,216,0
535,"Laquon Treadwell","WR","WR154",216,216,0
536,"Le'Veon Moss","RB","RB102",216,216,0
537,"Leonard Taylor","TE","TE51",216,216,0
538,"Lewis Bond","WR","WR140",216,216,0
539,"Lil'Jordan Humphrey","WR","WR149",216,216,0
540,"Logan Woodside","QB","QB47",215.9,216,0.1
541,"Lucas Krull","TE","TE52",216,216,0
542,"Luke Farrell","TE","TE59",216,216,0
543,"Luke Musgrave","TE","TE68",215.9,216,0.1
544,"Luke Schoonmaker","TE","TE68",216,216,0
545,"Luke Stocker","TE","TE49",216,216,0
546,"Mac Jones","QB","QB39",216,216,0
547,"Malachi Corley","WR","WR155",216,216,0
548,"Malik Cunningham","WR","WR136",216,216,0
549,"Malik Heath","WR","WR156",216,216,0
550,"Malik Taylor","WR","WR145",216,216,0
551,"Marcedes Lewis","TE","TE61",216,216,0
552,"Marcus Mariota","QB","QB44",216,216,0
553,"Mark Redman","TE","TE51",216,216,0
554,"Marlin Klein","TE","TE68",216,216,0
555,"Marlon Mack","RB","RB89",216,216,0
556,"Marquez Valdes-Scantling","WR","WR157",216,216,0
557,"Mason Rudolph","QB","QB50",216,216,0
558,"Mason Tipton","WR","WR158",216,216,0
559,"Matt Breida","RB","RB95",216,216,0
560,"Maurice Alexander","WR","WR158",216,216,0
561,"Max Duggan","QB","QB51",216,216,0
562,"Max Klare","TE","TE68",215.5,216,0.5
563,"Michael Carter","RB","RB96",216,216,0
564,"Michael Pratt","QB","QB49",215.9,216,0.1
565,"Michael Strachan","WR","WR145",216,216,0
566,"Michael Trigg","TE","TE68",216,216,0
567,"Miles Kitselman","TE","TE55",216,216,0
568,"Miles Sanders","RB","RB97",216,216,0
569,"Miller Forristall","TE","TE48",216,216,0
570,"Mitch Tinsley","WR","WR158",216,216,0
571,"Mitchell Trubisky","QB","QB51",216,216,0
572,"Mo Alie-Cox","TE","TE59",215.9,216,0.1
573,"Moliki Matavao","TE","TE59",216,216,0
574,"Montrell Johnson","RB","RB90",216,216,0
575,"MyCole Pruitt","TE","TE59",216,216,0
576,"Nate Adkins","TE","TE54",216,216,0
577,"Nate Boerkircher","TE","TE59",216,216,0
578,"Nathan Carter","RB","RB88",216,216,0
579,"Neal Johnson","TE","TE52",216,216,0
580,"Nick Boyle","TE","TE51",216,216,0
581,"Nick Chubb","RB","RB102",216,216,0
582,"Nick Mullens","QB","QB46",216,216,0
583,"Nick Nash","WR","WR155",216,216,0
584,"Nick Westbrook-Ikhine","WR","WR140",216,216,0
585,"Nikko Remigio","WR","WR157",216,216,0
586,"Noah Brown","WR","WR157",216,216,0
587,"Noah Fant","TE","TE57",216,216,0
588,"Noah Gray","TE","TE52",216,216,0
589,"Noah Togiai","TE","TE58",216,216,0
590,"Noah Whittington","RB","RB104",216,216,0
591,"Olamide Zaccheaus","WR","WR147",216,216,0
592,"Payne Durham","TE","TE57",216,216,0
593,"Phil Mafah","RB","RB96",216,216,0
594,"Pierre Strong Jr.","RB","RB89",216,216,0
595,"Quinn Ewers","QB","QB49",216,216,0
596,"Raheem Blackshear","RB","RB93",216,216,0
597,"Raheim Sanders","RB","RB102",216,216,0
598,"Rakim Jarrett","WR","WR144",216,216,0
599,"Rasheen Ali","RB","RB101",216,216,0
600,"Reggie Virgil","WR","WR155",216,216,0
601,"Ricky White","WR","WR154",216,216,0
602,"Riley Leonard","QB","QB49",216,216,0
603,"Robert Lewis","WR","WR134",216,216,0
604,"Robert Tonyan","TE","TE57",216,216,0
605,"Roman Hemby","RB","RB95",216,216,0
606,"Ronald Jones","RB","RB86",216,216,0
607,"Ronnie Bell","WR","WR147",216,216,0
608,"Roschon Johnson","RB","RB101",216,216,0
609,"Russell Wilson","QB","QB47",216,216,0
610,"Salvon Ahmed","RB","RB101",216,216,0
611,"Sam Howell","QB","QB47",216,216,0
612,"Sam Roush","TE","TE57",216,216,0
613,"Scotty Miller","WR","WR147",216,216,0
614,"Scotty Washington","TE","TE52",216,216,0
615,"Seth Henigan","QB","QB40",216,216,0
616,"Seydou Traore","TE","TE67",216,216,0
617,"Sione Vaki","RB","RB87",216,216,0
618,"Skyy Moore","WR","WR138",216,216,0
619,"Spencer Rattler","QB","QB50",216,216,0
620,"Sterling Shepard","WR","WR153",216,216,0
621,"Stetson Bennett","QB","QB53",216,216,0
622,"Stone Smartt","TE","TE64",216,216,0
623,"Tai Felton","WR","WR156",216,216,0
624,"Tanner Conner","TE","TE60",216,216,0
625,"Tanner Hudson","TE","TE54",216,216,0
626,"Tanner Koziol","TE","TE57",215.9,216,0.1
627,"Tanner McKee","QB","QB44",216,216,0
628,"Taylen Green","QB","QB44",216,216,0
629,"Taylor Heinicke","QB","QB45",216,216,0
630,"Teddy Bridgewater","QB","QB50",216,216,0
631,"Terrace Marshall Jr.","WR","WR155",216,216,0
632,"Theo Riddick","RB","RB93",216,216,0
633,"Theo Wease","WR","WR158",216,216,0
634,"Tim Jones","WR","WR161",216,216,0
635,"Tim Patrick","WR","WR154",216,216,0
636,"Tommy DeVito","QB","QB49",216,216,0
637,"Tommy Mellott","WR","WR134",216,216,0
638,"Tommy Tremble","TE","TE55",216,216,0
639,"Travis Vokolek","TE","TE49",216,216,0
640,"Trayveon Williams","RB","RB92",216,216,0
641,"Tre Stewart","RB","RB88",216,216,0
642,"Trebor Pena","WR","WR141",216,216,0
643,"Trent Taylor","WR","WR158",216,216,0
644,"Trevor Etienne","RB","RB96",216,216,0
645,"Trey Benson","RB","RB87",216,216,0
646,"Trey Knox","TE","TE51",216,216,0
647,"Trey Lance","QB","QB47",216,216,0
648,"Trey Palmer","WR","WR142",216,216,0
649,"Trey Sermon","RB","RB101",216,216,0
650,"Trinidad Chambliss","QB","QB41",216,216,0
651,"Ty Chandler","RB","RB96",216,216,0
652,"Ty Simpson","QB","QB44",216,216,0
653,"Tylan Wallace","WR","WR148",216,216,0
654,"Tyler Conklin","TE","TE57",216,216,0
655,"Tyler Goodson","RB","RB100",216,216,0
656,"Tyler Higbee","TE","TE57",216,216,0
657,"Tyler Huntley","QB","QB49",216,216,0
658,"Tyler Johnson","WR","WR157",216,216,0
659,"Tyler Scott","WR","WR145",216,216,0
660,"Tyree Jackson","TE","TE51",216,216,0
661,"Tyrell Shavers","WR","WR152",216,216,0
662,"Tyrod Taylor","QB","QB47",216,216,0
663,"Tyson Bagent","QB","QB49",216,216,0
664,"Van Jefferson","WR","WR156",216,216,0
665,"Wayne Gallman","RB","RB105",216,216,0
666,"Will Howard","QB","QB49",216,216,0
667,"Will Kacmarek","TE","TE55",215.9,216,0.1
668,"Will Levis","QB","QB48",215.9,216,0.1
669,"Will Sheppard","WR","WR151",216,216,0
670,"Will Shipley","RB","RB102",216,216,0
671,"Xavier Guillory","WR","WR125",216,216,0
672,"Xavier Hutchinson","WR","WR132",216,216,0
673,"Xavier Restrepo","WR","WR153",216,216,0
674,"Xavier Smith","WR","WR153",216,216,0
675,"Xavier Weaver","WR","WR142",216,216,0
676,"Zach Davidson","TE","TE64",216,216,0
677,"Zach Ertz","TE","TE68",216,216,0
678,"Zach Wilson","QB","QB53",216,216,0
679,"Zavier Scott","RB","RB95",216,216,0
