Rank,Name,Pos,Attempts,Comps,Pass TDs,Pass Yards,Ints,Receptions,Rec Yards,Rec TDs,Rec FD,Rush Attempts,Rush Yards,Rush TDs,Rush FD,Fumbles,Projections
0,Josh Allen,QB,474.0,313.0,24.5,3624.5,10.0,,,,,110.0,499.5,11.5,53.5,3.0,349.93
1,Jahmyr Gibbs,RB,,,,,,60.5,449.5,4.5,53.3,255.0,1199.5,12.5,125.1,1.0,327.4
2,Bijan Robinson,RB,,,,,,65.5,574.5,3.5,53.7,280.0,1174.5,8.5,137.2,2.0,310.4
3,Drake Maye,QB,505.0,344.0,26.5,3799.5,11.0,,,,,85.0,424.5,3.5,41.6,3.0,306.43
4,Ja'Marr Chase,WR,,,,,,108.5,1324.5,10.5,134.5,3.0,16.0,,1.6,1.0,305.55
5,Joe Burrow,QB,549.0,377.0,32.5,3999.5,10.0,,,,,46.0,138.0,2.0,13.8,3.0,303.78
6,Jalen Hurts,QB,462.0,300.0,22.5,3249.5,8.0,,,,,120.0,424.5,8.5,51.5,3.0,301.43
7,Trevor Lawrence,QB,522.0,329.0,25.5,3774.5,12.0,,,,,79.0,339.0,5.0,33.9,3.0,300.88
8,Christian McCaffrey,RB,,,,,,68.5,574.5,4.5,60.6,240.0,949.5,8.5,98.4,2.0,294.9
9,Jayden Daniels,QB,479.0,318.0,21.5,3249.5,9.0,,,,,126.0,549.5,6.0,68.6,3.0,293.93
10,Puka Nacua,WR,,,,,,109.5,1324.5,7.5,140.0,10.0,55.0,,5.5,1.0,292.45
11,Lamar Jackson,QB,415.0,270.0,24.5,3249.5,8.0,,,,,119.0,574.5,3.5,66.8,4.0,292.43
12,Brock Purdy,QB,494.0,333.0,27.5,3799.5,13.0,,,,,64.0,242.0,3.0,24.2,3.0,289.18
13,Jaxon Smith-Njigba,WR,,,,,,101.5,1324.5,8.5,134.3,6.0,33.0,,3.3,1.0,288.25
14,Amon-Ra St. Brown,WR,,,,,,104.5,1249.5,9.5,124.9,3.0,16.0,,1.6,1.0,288.05
15,Patrick Mahomes,QB,555.0,370.0,29.0,3962.0,12.0,,,,,47.0,202.0,1.0,20.2,2.0,286.68
16,Justin Herbert,QB,533.0,355.0,25.5,3650.5,10.0,,,,,70.0,338.0,3.0,33.8,3.0,285.82
17,Caleb Williams,QB,514.0,316.0,24.5,3649.5,10.0,,,,,75.0,373.0,3.0,37.3,3.0,285.28
18,Jared Goff,QB,533.0,362.0,29.5,4099.5,10.0,,,,,29.0,53.0,1.0,5.3,3.0,281.28
19,Bo Nix,QB,555.0,366.0,24.5,3499.5,12.0,,,,,76.0,330.0,4.0,33.0,3.0,278.98
20,Dak Prescott,QB,580.0,389.0,27.5,3999.5,13.0,,,,,44.0,152.0,1.0,15.2,2.0,278.18
21,Matthew Stafford,QB,528.0,343.0,30.5,3949.5,11.0,,,,,27.0,19.0,,1.9,2.0,270.88
22,Baker Mayfield,QB,526.0,343.0,25.5,3599.5,13.0,,,,,63.0,306.0,2.0,30.6,4.0,269.58
23,Jaxson Dart,QB,495.0,322.0,19.5,3150.5,12.0,,,,,106.0,449.5,5.5,53.9,3.0,265.97
24,Kyler Murray,QB,465.0,311.0,20.0,3285.0,9.0,,,,,83.0,488.0,3.0,48.8,3.0,265.2
25,Malik Willis,QB,419.0,271.0,14.5,2949.5,9.0,,,,,125.0,712.0,5.0,71.2,2.0,264.18
26,Jonathan Taylor,RB,,,,,,36.0,278.0,1.0,27.8,287.0,1249.5,11.5,138.5,2.0,261.75
27,Jordan Love,QB,501.0,328.0,24.5,3549.5,10.0,,,,,51.0,202.0,2.0,20.2,3.0,258.18
28,CeeDee Lamb,WR,,,,,,91.5,1199.5,7.5,124.9,3.0,16.0,,1.6,1.0,258.05
29,Tyler Shough,QB,539.0,354.0,20.5,3449.5,12.0,,,,,84.0,343.0,3.0,34.3,3.0,256.28
30,Sam Darnold,QB,478.0,317.0,23.5,3699.5,12.0,,,,,44.0,157.0,2.0,15.7,3.0,253.68
31,James Cook,RB,,,,,,31.0,268.0,2.0,26.8,264.0,1224.5,10.5,127.0,2.0,253.25
32,C.J. Stroud,QB,481.0,302.0,22.5,3599.5,12.0,,,,,54.0,220.0,2.0,22.0,3.0,251.98
33,Justin Jefferson,WR,,,,,,92.5,1149.5,6.5,117.8,1.0,6.0,,0.6,,247.05
34,Drake London,WR,,,,,,89.5,1099.5,7.5,115.6,1.0,6.0,,0.6,,247.05
35,Ashton Jeanty,RB,,,,,,50.0,383.0,2.0,38.3,281.0,974.5,7.5,115.2,2.0,238.75
36,A.J. Brown,WR,,,,,,78.5,1124.5,7.5,117.6,1.0,6.0,,0.6,,238.55
37,De'Von Achane,RB,,,,,,57.5,424.0,2.0,42.4,212.0,974.5,5.5,104.0,2.0,238.35
38,Trey McBride,TE,,,,,,97.5,999.5,6.5,96.9,,,,,1.0,236.45
39,Derrick Henry,RB,,,,,,17.0,133.0,1.0,13.3,281.0,1249.5,12.5,140.6,2.0,234.25
40,Omarion Hampton,RB,,,,,,48.0,364.0,2.0,36.4,232.0,949.5,7.5,102.5,2.0,232.35
41,Saquon Barkley,RB,,,,,,37.0,277.0,2.0,27.7,271.0,1099.5,7.5,122.0,1.0,231.65
42,Rashee Rice,WR,,,,,,88.0,964.0,7.0,96.4,6.0,29.0,,2.9,1.0,229.3
43,Chase Brown,RB,,,,,,57.0,417.0,3.0,41.7,220.0,824.5,5.5,94.5,2.0,228.15
44,Malik Nabers,WR,,,,,,82.0,1057.0,6.0,105.7,3.0,16.0,,1.6,,227.3
45,Bryce Young,QB,493.0,311.0,20.5,2924.5,11.0,,,,,51.0,245.0,3.0,24.5,3.0,226.48
46,Daniel Jones,QB,469.0,312.0,19.0,3286.0,11.0,,,,,47.0,191.0,2.0,19.1,3.0,223.54
47,Geno Smith,QB,489.0,325.0,22.0,3372.0,14.0,,,,,45.0,156.0,1.0,15.6,4.0,222.48
48,Brock Bowers,TE,,,,,,82.5,924.5,7.5,107.7,4.0,18.0,,1.8,1.0,221.75
49,Cam Ward,QB,541.0,341.0,19.5,3299.5,13.0,,,,,46.0,182.0,2.0,18.2,4.0,221.18
50,Nico Collins,WR,,,,,,70.5,1074.5,6.5,123.7,3.0,18.0,,1.8,,220.75
51,Chris Olave,WR,,,,,,82.5,1024.5,5.5,107.2,1.0,6.0,,0.6,,220.55
52,Kyren Williams,RB,,,,,,32.0,219.0,2.0,21.9,228.0,999.5,9.5,98.1,2.0,218.85
53,DeVonta Smith,WR,,,,,,79.5,1049.5,5.5,106.6,1.0,6.0,,0.6,,218.05
54,Jeremiyah Love,RB,,,,,,53.0,392.0,2.0,39.2,230.0,824.5,5.5,100.3,1.0,217.65
55,George Pickens,WR,,,,,,75.5,999.5,6.5,121.1,1.0,6.0,,0.6,,217.05
56,Javonte Williams,RB,,,,,,37.0,239.0,1.0,23.9,239.0,949.5,9.5,100.4,1.0,216.85
57,Kenneth Walker,RB,,,,,,37.0,272.0,2.0,27.2,259.0,949.5,7.5,115.8,1.0,214.15
58,Garrett Wilson,WR,,,,,,84.5,999.5,4.5,104.3,3.0,16.0,,1.6,,213.05
59,Tetairoa McMillan,WR,,,,,,72.5,949.5,6.5,107.4,1.0,6.0,,0.6,,209.05
60,Aaron Rodgers,QB,403.0,261.0,21.5,3149.5,7.0,,,,,21.0,60.0,,6.0,2.0,208.98
61,Zay Flowers,WR,,,,,,74.5,999.5,5.5,110.3,5.0,29.0,,2.9,1.0,208.35
62,Tee Higgins,WR,,,,,,64.5,874.5,8.5,104.8,1.0,6.0,,0.6,,205.55
63,Emeka Egbuka,WR,,,,,,70.5,924.5,6.5,102.9,3.0,21.0,,2.1,,204.05
64,Josh Jacobs,RB,,,,,,33.0,258.0,1.0,25.8,217.0,918.0,8.0,91.8,2.0,202.6
65,Parker Washington,WR,,,,,,72.0,799.5,7.0,90.6,10.0,58.0,,5.8,,201.75
66,Cam Skattebo,RB,,,,,,44.0,317.0,1.0,31.7,225.0,824.5,6.5,93.8,1.0,201.15
67,Breece Hall,RB,,,,,,38.0,320.0,2.0,32.0,224.0,899.5,5.5,100.6,2.0,200.95
68,Luther Burden,WR,,,,,,64.5,874.5,7.0,93.6,11.0,64.0,,6.4,,200.35
69,Terry McLaurin,WR,,,,,,71.5,924.5,5.5,104.5,1.0,7.0,,0.7,,197.65
70,Bucky Irving,RB,,,,,,36.0,271.0,2.0,27.1,211.0,902.0,6.0,90.2,2.0,197.3
71,Davante Adams,WR,,,,,,60.5,774.5,9.5,79.5,,,,,,196.95
72,Ladd McConkey,WR,,,,,,70.5,899.5,5.5,104.0,2.0,12.0,,1.2,,194.65
73,Jaylen Waddle,WR,,,,,,68.5,899.5,5.5,100.2,3.0,18.0,,1.8,,193.25
74,Travis Etienne,RB,,,,,,36.0,287.0,2.0,28.7,226.0,799.5,6.0,95.0,1.0,192.65
75,David Montgomery,RB,,,,,,33.0,245.0,1.0,24.5,236.0,824.5,7.5,98.6,1.0,188.95
76,D'Andre Swift,RB,,,,,,37.0,287.0,1.0,28.7,209.0,799.5,6.5,94.0,1.0,188.65
77,Jameson Williams,WR,,,,,,60.0,899.5,5.5,99.8,8.0,44.0,,4.4,,187.35
78,Tyler Warren,TE,,,,,,74.5,774.5,5.5,86.2,5.0,19.0,,1.9,,186.85
79,Mike Evans,WR,,,,,,62.5,824.5,6.5,102.2,,,,,,185.95
80,Colston Loveland,TE,,,,,,69.5,824.5,5.5,95.0,1.0,4.0,,0.4,,185.35
81,Quinshon Judkins,RB,,,,,,32.0,228.0,1.0,22.8,244.0,899.5,6.0,101.2,1.0,184.75
82,Rome Odunze,WR,,,,,,68.0,824.5,5.5,97.3,1.0,6.0,,0.6,,184.05
83,DJ Moore,WR,,,,,,59.5,824.5,6.5,85.1,5.0,29.0,,2.9,1.0,181.85
84,Alec Pierce,WR,,,,,,54.0,872.0,6.0,87.2,1.0,7.0,,0.7,,177.9
85,Marvin Harrison,WR,,,,,,62.0,824.5,5.5,88.2,,,,,,177.45
86,Jayden Reed,WR,,,,,,70.0,649.5,6.0,85.3,14.0,83.0,,8.3,1.0,177.25
87,Courtland Sutton,WR,,,,,,59.0,774.5,6.5,79.3,,,,,,175.45
88,Josh Downs,WR,,,,,,67.5,824.5,4.0,81.0,2.0,14.0,,1.4,,175.35
89,DK Metcalf,WR,,,,,,58.5,824.5,5.5,84.3,2.0,10.0,,1.0,,174.95
90,Harold Fannin,TE,,,,,,71.5,699.5,5.0,73.9,6.0,25.0,,2.5,,173.95
91,TreVeyon Henderson,RB,,,,,,35.0,260.0,1.0,26.0,176.0,699.5,6.5,78.5,1.0,173.95
92,Kyle Pitts,TE,,,,,,69.5,774.5,4.5,75.6,,,,,,173.95
93,Michael Pittman,WR,,,,,,70.5,749.5,4.5,77.2,1.0,7.0,,0.7,,173.15
94,Stefon Diggs,WR,,,,,,62.0,799.5,4.5,70.4,1.0,6.0,,0.6,,169.55
95,Carnell Tate,WR,,,,,,61.5,799.5,4.5,88.2,2.0,11.0,,1.1,,169.55
96,Makai Lemon,WR,,,,,,60.0,775.0,5.0,77.5,2.0,10.0,,1.0,,168.5
97,Christian Watson,WR,,,,,,50.5,774.5,6.5,101.2,2.0,14.0,,1.4,,168.35
98,Bhayshul Tuten,RB,,,,,,32.0,234.0,1.0,23.4,184.0,724.5,6.0,79.4,1.0,167.85
99,Tucker Kraft,TE,,,,,,67.0,699.5,5.0,77.4,,,,,,166.95
100,Jakobi Meyers,WR,,,,,,64.0,699.5,5.0,73.2,4.0,21.0,,2.1,,166.05
101,Jalen Coker,WR,,,,,,60.0,753.0,5.0,75.3,1.0,6.0,,0.6,,165.9
102,Chris Godwin,WR,,,,,,68.0,699.5,4.5,75.0,1.0,6.0,,0.6,,165.55
103,George Kittle,TE,,,,,,62.0,699.5,5.5,71.3,,,,,,164.95
104,Jordyn Tyson,WR,,,,,,58.5,774.5,4.5,81.6,2.0,10.0,,1.0,,163.95
105,Tony Pollard,RB,,,,,,28.0,187.0,1.0,18.7,189.0,799.5,5.5,79.4,1.0,163.65
106,Wan'Dale Robinson,WR,,,,,,68.0,699.5,4.0,70.6,3.0,15.0,,1.5,,163.45
107,Rico Dowdle,RB,,,,,,38.0,273.0,1.0,27.3,159.0,699.5,4.0,67.8,1.0,163.25
108,Brian Thomas,WR,,,,,,62.0,724.5,4.5,89.7,3.0,17.0,,1.7,,163.15
109,Fernando Mendoza,QB,434.0,277.0,12.5,2299.5,11.0,,,,,53.0,234.0,2.0,23.4,3.0,162.38
110,Michael Wilson,WR,,,,,,59.0,724.5,5.0,76.4,1.0,6.0,,0.6,,162.05
111,Brenton Strange,TE,,,,,,63.0,680.0,5.0,68.0,,,,,,161.0
112,Travis Kelce,TE,,,,,,66.5,674.5,4.5,71.4,,,,,,160.95
113,Jacoby Brissett,QB,355.0,225.0,15.0,2400.0,7.0,,,,,35.0,110.0,1.0,11.0,3.0,160.0
114,Jordan Addison,WR,,,,,,60.0,674.5,5.0,79.5,4.0,22.0,,2.2,,159.65
115,Matthew Golden,WR,,,,,,58.0,649.5,5.0,77.0,8.0,51.0,,5.1,,158.05
116,Isaiah Likely,TE,,,,,,62.0,653.0,5.0,65.3,,,,,,157.3
117,Jaylen Warren,RB,,,,,,36.0,267.0,1.0,26.7,172.0,624.5,5.0,75.9,2.0,157.15
118,Xavier Worthy,WR,,,,,,55.0,649.5,4.0,69.5,17.0,90.0,1.0,9.0,1.0,156.95
119,Khalil Shakir,WR,,,,,,69.0,624.5,4.0,72.5,2.0,10.0,,1.0,,156.45
120,Deebo Samuel,WR,,,,,,56.0,628.0,4.0,62.8,17.0,89.0,1.0,8.9,1.0,155.7
121,T.J. Hockenson,TE,,,,,,66.0,650.0,4.0,65.0,,,,,,155.0
122,J.K. Dobbins,RB,,,,,,26.0,190.0,1.0,19.0,171.0,674.5,6.0,73.2,,154.45
123,Quentin Johnston,WR,,,,,,58.0,649.5,5.0,74.8,2.0,11.0,,1.1,,154.05
124,Hunter Henry,TE,,,,,,58.0,655.0,5.0,65.5,,,,,,153.5
125,Kenny Gainwell,RB,,,,,,47.0,355.0,2.0,35.5,99.0,418.0,3.0,41.8,1.0,152.3
126,Chuba Hubbard,RB,,,,,,29.0,193.0,1.0,19.3,190.0,699.5,5.0,80.6,1.0,152.25
127,Jadarian Price,RB,,,,,,19.0,138.0,1.0,13.8,212.0,724.5,7.0,91.2,1.0,151.25
128,Sam LaPorta,TE,,,,,,61.5,624.5,4.5,84.2,1.0,3.0,,0.3,,151.25
129,Mark Andrews,TE,,,,,,60.0,499.5,6.5,65.3,6.0,12.0,,1.2,,150.15
130,Rhamondre Stevenson,RB,,,,,,29.0,214.0,1.0,21.4,177.0,624.5,5.5,75.9,1.0,149.85
131,Romeo Doubs,WR,,,,,,57.0,649.5,4.5,74.2,,,,,,148.95
132,KC Concepcion,WR,,,,,,58.0,599.5,4.0,71.0,9.0,54.0,,5.4,1.0,145.35
133,Jayden Higgins,WR,,,,,,57.0,574.5,5.0,77.8,1.0,6.0,,0.6,,145.05
134,Kyle Monangai,RB,,,,,,23.0,165.0,1.0,16.5,166.0,649.5,6.0,75.1,1.0,144.45
135,RJ Harvey,RB,,,,,,37.0,276.0,2.0,27.6,124.0,515.0,3.0,51.5,1.0,144.1
136,Chig Okonkwo,TE,,,,,,61.0,591.0,4.0,59.1,,,,,,144.1
137,Jake Ferguson,TE,,,,,,66.5,524.5,4.5,61.8,,,,,1.0,143.95
138,AJ Barner,TE,,,,,,58.0,530.0,4.0,53.0,10.0,14.0,1.0,1.4,,142.4
139,Dalton Kincaid,TE,,,,,,66.0,549.5,3.5,73.6,,,,,,141.95
140,Oronde Gadsden,TE,,,,,,56.0,618.0,4.0,61.8,,,,,,141.8
141,Jordan Mason,RB,,,,,,20.0,140.0,1.0,14.0,190.0,649.5,6.0,79.7,1.0,138.95
142,Tua Tagovailoa,QB,308.0,209.0,14.0,2141.0,8.0,,,,,20.0,43.0,,4.3,4.0,137.94
143,Dallas Goedert,TE,,,,,,53.0,574.5,4.5,59.0,,,,,,137.45
144,Aaron Jones,RB,,,,,,34.0,248.0,1.0,24.8,131.0,549.5,3.0,56.3,1.0,135.75
145,Juwan Johnson,TE,,,,,,54.0,574.5,4.0,58.6,,,,,,135.45
146,Dalton Schultz,TE,,,,,,55.0,545.0,4.0,54.5,,,,,,133.5
147,Chris Rodriguez,RB,,,,,,15.0,107.0,,10.7,171.0,728.0,6.0,72.8,1.0,132.5
148,Kenyon Sadiq,TE,,,,,,52.0,542.0,4.0,54.2,2.0,9.0,,0.9,,131.1
149,Jalen Nailor,WR,,,,,,46.0,587.0,4.0,58.7,3.0,19.0,,1.9,,130.6
150,Gunnar Helm,TE,,,,,,57.0,553.0,3.0,55.3,,,,,,130.3
151,Pat Freiermuth,TE,,,,,,51.0,534.0,4.0,53.4,,,,,,128.4
152,De'Zhaun Stribling,WR,,,,,,46.0,584.0,4.0,58.4,,,,,,128.4
153,Rachaad White,RB,,,,,,34.0,253.0,1.0,25.3,114.0,468.0,3.0,46.8,1.0,128.1
154,Cade Otton,TE,,,,,,56.0,540.0,3.0,54.0,,,,,,128.0
155,Jalen McMillan,WR,,,,,,44.0,561.0,4.0,56.1,6.0,33.0,,3.3,,127.4
156,Omar Cooper,WR,,,,,,45.0,567.0,4.0,56.7,3.0,14.0,,1.4,,127.1
157,Blake Corum,RB,,,,,,15.0,106.0,,10.6,172.0,674.5,6.0,75.7,1.0,127.05
158,Jacory Croskey-Merritt,RB,,,,,,19.0,135.0,1.0,13.5,141.0,599.5,5.0,61.4,1.0,126.45
159,Jerry Jeudy,WR,,,,,,43.0,624.5,3.0,58.1,1.0,5.0,,0.5,,123.95
160,Rashid Shaheed,WR,,,,,,45.0,499.5,4.0,66.5,8.0,46.0,,4.6,1.0,121.55
161,Ryan Flournoy,WR,,,,,,47.0,549.0,3.0,54.9,2.0,13.0,,1.3,,121.2
162,Jonathon Brooks,RB,,,,,,23.0,166.0,1.0,16.6,122.0,524.0,4.0,52.4,1.0,120.0
163,Tre Tucker,WR,,,,,,40.0,574.5,3.0,50.6,6.0,32.0,,3.2,,118.65
164,Denzel Boston,WR,,,,,,48.0,499.5,3.0,56.7,2.0,12.0,,1.2,,117.15
165,Brandon Aubrey,K,,,,,,,,,,,,,,,116.0
166,LAR,DEF,,,,,,,,,,,,,,,116.0
167,Tyjae Spears,RB,,,,,,35.0,248.0,1.0,24.8,92.0,388.0,2.0,38.8,1.0,114.6
168,HOU,DEF,,,,,,,,,,,,,,,114.0
169,Ka'imi Fairbairn,K,,,,,,,,,,,,,,,113.0
170,SEA,DEF,,,,,,,,,,,,,,,113.0
171,Tre' Harris,WR,,,,,,39.0,493.0,4.0,49.3,1.0,6.0,,0.6,,112.9
172,Cam Little,K,,,,,,,,,,,,,,,112.0
173,Tyrone Tracy,RB,,,,,,21.0,155.0,1.0,15.5,124.0,528.0,3.0,52.8,1.0,111.3
174,Jason Myers,K,,,,,,,,,,,,,,,111.0
175,Greg Dulcich,TE,,,,,,47.0,459.0,3.0,45.9,,,,,,110.9
176,Will Reichard,K,,,,,,,,,,,,,,,109.0
177,Michael Penix,QB,221.0,137.0,10.0,1567.0,5.0,,,,,20.0,67.0,1.0,6.7,2.0,108.38
178,PHI,DEF,,,,,,,,,,,,,,,108.0
179,Chris Boswell,K,,,,,,,,,,,,,,,107.0
180,Harrison Mevis,K,,,,,,,,,,,,,,,106.0
181,Cameron Dicker,K,,,,,,,,,,,,,,,106.0
182,DEN,DEF,,,,,,,,,,,,,,,106.0
183,Tyler Loop,K,,,,,,,,,,,,,,,106.0
184,Evan McPherson,K,,,,,,,,,,,,,,,106.0
185,Jauan Jennings,WR,,,,,,39.0,487.0,3.0,48.7,,,,,,105.7
186,Isaac TeSlaa,WR,,,,,,33.0,473.0,4.0,47.3,2.0,11.0,,1.1,,105.4
187,BAL,DEF,,,,,,,,,,,,,,,105.0
188,Chase McLaughlin,K,,,,,,,,,,,,,,,105.0
189,Jake Bates,K,,,,,,,,,,,,,,,105.0
190,Mike Gesicki,TE,,,,,,42.0,449.0,3.0,44.9,,,,,,104.9
191,Tyler Bass,K,,,,,,,,,,,,,,,103.0
192,Deshaun Watson,QB,215.0,137.0,8.0,1374.0,6.0,,,,,30.0,131.0,2.0,13.1,2.0,102.06
193,DET,DEF,,,,,,,,,,,,,,,102.0
194,MIN,DEF,,,,,,,,,,,,,,,101.0
195,Eddy Pineiro,K,,,,,,,,,,,,,,,101.0
196,NE,DEF,,,,,,,,,,,,,,,101.0
197,Malik Washington,WR,,,,,,37.0,396.0,2.0,39.6,22.0,121.0,,12.1,,100.7
198,Zachariah Branch,WR,,,,,,37.0,456.0,3.0,45.6,,,,,,100.6
199,Harrison Butker,K,,,,,,,,,,,,,,,100.0
200,Wil Lutz,K,,,,,,,,,,,,,,,100.0
201,Cairo Santos,K,,,,,,,,,,,,,,,100.0
202,JAX,DEF,,,,,,,,,,,,,,,99.0
203,Blake Grupe,K,,,,,,,,,,,,,,,99.0
204,Germie Bernard,WR,,,,,,36.0,439.0,3.0,43.9,2.0,10.0,,1.0,,98.9
205,Adonai Mitchell,WR,,,,,,35.0,443.0,3.0,44.3,1.0,10.0,,1.0,,98.3
206,PIT,DEF,,,,,,,,,,,,,,,98.0
207,Ted Hurst,WR,,,,,,36.0,426.0,3.0,42.6,2.0,13.0,,1.3,,97.9
208,Shedeur Sanders,QB,226.0,142.0,7.0,1433.0,5.0,,,,,26.0,88.0,2.0,8.8,2.0,97.12
209,KC,DEF,,,,,,,,,,,,,,,97.0
210,Keaton Mitchell,RB,,,,,,18.0,134.0,1.0,13.4,88.0,435.0,3.0,43.5,1.0,96.9
211,Travis Hunter,WR,,,,,,35.0,415.0,3.0,41.5,4.0,21.0,,2.1,,96.6
212,Pat Bryant,WR,,,,,,35.0,425.0,3.0,42.5,2.0,9.0,,0.9,,96.4
213,DAL,DEF,,,,,,,,,,,,,,,96.0
214,Andy Borregales,K,,,,,,,,,,,,,,,96.0
215,LAC,DEF,,,,,,,,,,,,,,,96.0
216,NYG,DEF,,,,,,,,,,,,,,,96.0
217,GB,DEF,,,,,,,,,,,,,,,96.0
218,CHI,DEF,,,,,,,,,,,,,,,95.0
219,Nick Folk,K,,,,,,,,,,,,,,,95.0
220,Keenan Allen,WR,,,,,,38.0,390.0,3.0,39.0,,,,,,95.0
221,Kayshon Boutte,WR,,,,,,31.0,456.0,3.0,45.6,,,,,,94.6
222,SF,DEF,,,,,,,,,,,,,,,94.0
223,BUF,DEF,,,,,,,,,,,,,,,94.0
224,IND,DEF,,,,,,,,,,,,,,,94.0
225,Tyreek Hill,WR,,,,,,33.0,422.0,3.0,42.2,1.0,5.0,,0.5,,93.7
226,Charlie Smyth,K,,,,,,,,,,,,,,,93.0
227,ATL,DEF,,,,,,,,,,,,,,,93.0
228,Skyler Bell,WR,,,,,,32.0,415.0,3.0,41.5,1.0,7.0,,0.7,,92.2
229,Tory Horton,WR,,,,,,31.0,421.0,3.0,42.1,1.0,9.0,,0.9,,92.0
230,Ryan Fitzgerald,K,,,,,,,,,,,,,,,92.0
231,Andrei Iosivas,WR,,,,,,32.0,403.0,3.0,40.3,2.0,10.0,,1.0,,91.3
232,Chris Bell,WR,,,,,,33.0,398.0,3.0,39.8,1.0,4.0,,0.4,,91.2
233,Devaughn Vele,WR,,,,,,33.0,392.0,3.0,39.2,1.0,8.0,,0.8,,91.0
234,Jake Moody,K,,,,,,,,,,,,,,,91.0
235,TB,DEF,,,,,,,,,,,,,,,91.0
236,CAR,DEF,,,,,,,,,,,,,,,91.0
237,Jason Sanders,K,,,,,,,,,,,,,,,91.0
238,Ja'Kobi Lane,WR,,,,,,32.0,396.0,3.0,39.6,1.0,5.0,,0.5,,90.1
239,Jake Elliott,K,,,,,,,,,,,,,,,90.0
240,Chimere Dike,WR,,,,,,38.0,384.0,2.0,38.4,6.0,30.0,,3.0,1.0,89.4
241,Jack Bech,WR,,,,,,35.0,412.0,2.0,41.2,1.0,10.0,,1.0,,89.2
242,Elijah Sarratt,WR,,,,,,32.0,386.0,3.0,38.6,1.0,5.0,,0.5,,89.1
243,Chad Ryland,K,,,,,,,,,,,,,,,89.0
244,CIN,DEF,,,,,,,,,,,,,,,89.0
245,Darnell Washington,TE,,,,,,35.0,359.0,3.0,35.9,,,,,,88.9
246,Dylan Sampson,RB,,,,,,23.0,176.0,1.0,17.6,78.0,321.0,2.0,32.1,1.0,88.7
247,Terrance Ferguson,TE,,,,,,32.0,375.0,3.0,37.5,,,,,,87.5
248,NO,DEF,,,,,,,,,,,,,,,87.0
249,Darius Slayton,WR,,,,,,28.0,406.0,3.0,40.6,,,,,,86.6
250,Cooper Kupp,WR,,,,,,32.0,364.0,3.0,36.4,,,,,,86.4
251,Darren Waller,TE,,,,,,32.0,356.0,3.0,35.6,,,,,,85.6
252,Troy Franklin,WR,,,,,,30.0,359.0,3.0,35.9,3.0,17.0,,1.7,,85.6
253,WAS,DEF,,,,,,,,,,,,,,,85.0
254,Rashod Bateman,WR,,,,,,28.0,381.0,3.0,38.1,,,,,,84.1
255,CLE,DEF,,,,,,,,,,,,,,,84.0
256,Andre Szmyt,K,,,,,,,,,,,,,,,84.0
257,Joey Slye,K,,,,,,,,,,,,,,,84.0
258,Woody Marks,RB,,,,,,19.0,137.0,1.0,13.7,86.0,351.0,2.0,35.1,1.0,83.8
259,Jaylin Noel,WR,,,,,,31.0,362.0,2.0,36.2,7.0,37.0,,3.7,,82.9
260,Malachi Fields,WR,,,,,,28.0,351.0,3.0,35.1,1.0,5.0,,0.5,,81.6
261,Eli Stowers,TE,,,,,,31.0,319.0,3.0,31.9,2.0,5.0,,0.5,,81.4
262,Michael Mayer,TE,,,,,,34.0,348.0,2.0,34.8,,,,,,80.8
263,Cole Kmet,TE,,,,,,34.0,337.0,2.0,33.7,,,,,,79.7
264,David Njoku,TE,,,,,,31.0,307.0,3.0,30.7,,,,,,79.7
265,Colby Parkinson,TE,,,,,,30.0,308.0,3.0,30.8,,,,,,78.8
266,Calvin Ridley,WR,,,,,,27.0,377.0,2.0,37.7,1.0,6.0,,0.6,,77.3
267,Mason Taylor,TE,,,,,,33.0,323.0,2.0,32.3,,,,,,77.3
268,TEN,DEF,,,,,,,,,,,,,,,77.0
269,Theo Johnson,TE,,,,,,31.0,340.0,2.0,34.0,,,,,,77.0
270,Dawson Knox,TE,,,,,,28.0,304.0,3.0,30.4,,,,,,76.4
271,Olamide Zaccheaus,WR,,,,,,30.0,326.0,2.0,32.6,2.0,12.0,,1.2,,75.8
272,Antonio Williams,WR,,,,,,28.0,339.0,2.0,33.9,2.0,13.0,,1.3,,75.2
273,LV,DEF,,,,,,,,,,,,,,,75.0
274,ARI,DEF,,,,,,,,,,,,,,,75.0
275,Matt Gay,K,,,,,,,,,,,,,,,75.0
276,NYJ,DEF,,,,,,,,,,,,,,,74.0
277,Elijah Arroyo,TE,,,,,,29.0,312.0,2.0,31.2,,,,,,72.2
278,MIA,DEF,,,,,,,,,,,,,,,72.0
279,Isaiah Bond,WR,,,,,,26.0,316.0,2.0,31.6,4.0,22.0,,2.2,,71.8
280,KaVontae Turpin,WR,,,,,,21.0,268.0,2.0,26.8,14.0,77.0,1.0,7.7,1.0,71.5
281,Kendrick Bourne,WR,,,,,,28.0,313.0,2.0,31.3,,,,,,71.3
282,Jake Tonges,TE,,,,,,30.0,288.0,2.0,28.8,,,,,,70.8
283,Evan Engram,TE,,,,,,31.0,277.0,2.0,27.7,,,,,,70.7
284,Dontayvion Wicks,WR,,,,,,26.0,316.0,2.0,31.6,1.0,8.0,,0.8,,70.4
285,Trey Smack,K,,,,,,,,,,,,,,,70.0
286,Brian Robinson,RB,,,,,,13.0,91.0,,9.1,87.0,358.0,2.0,35.8,,69.9
287,Marvin Mims,WR,,,,,,27.0,293.0,2.0,29.3,6.0,36.0,,3.6,1.0,69.9
288,Tyler Allgeier,RB,,,,,,8.0,54.0,,5.4,95.0,400.0,3.0,40.0,1.0,69.4
289,Tank Dell,WR,,,,,,24.0,317.0,2.0,31.7,3.0,17.0,,1.7,,69.4
290,Justice Hill,RB,,,,,,24.0,176.0,1.0,17.6,33.0,141.0,1.0,14.1,,67.7
291,Theo Wease,WR,,,,,,25.0,306.0,2.0,30.6,,,,,,67.6
292,Marquise Brown,WR,,,,,,25.0,305.0,2.0,30.5,,,,,,67.5
293,Zach Charbonnet,RB,,,,,,11.0,78.0,1.0,7.8,65.0,264.0,3.0,26.4,1.0,67.2
294,Xavier Legette,WR,,,,,,24.0,290.0,2.0,29.0,1.0,10.0,,1.0,,66.0
295,Tank Bigsby,RB,,,,,,8.0,59.0,,5.9,82.0,353.0,3.0,35.3,1.0,65.2
296,Emmett Johnson,RB,,,,,,12.0,86.0,1.0,8.6,67.0,286.0,2.0,28.6,1.0,65.2
297,Ray Davis,RB,,,,,,9.0,68.0,,6.8,73.0,313.0,3.0,31.3,,65.1
298,Jonah Coleman,RB,,,,,,10.0,75.0,1.0,7.5,72.0,304.0,2.0,30.4,1.0,63.9
299,Jahan Dotson,WR,,,,,,23.0,275.0,2.0,27.5,2.0,14.0,,1.4,,63.9
300,Nicholas Singleton,RB,,,,,,12.0,87.0,1.0,8.7,65.0,270.0,2.0,27.0,1.0,63.7
301,Alvin Kamara,RB,,,,,,20.0,145.0,1.0,14.5,45.0,185.0,1.0,18.5,1.0,63.0
302,Tyquan Thornton,WR,,,,,,20.0,306.0,2.0,30.6,,,,,,62.6
303,Mike Washington,RB,,,,,,9.0,69.0,1.0,6.9,66.0,281.0,2.0,28.1,,62.0
304,Will Kacmarek,TE,,,,,,25.0,246.0,2.0,24.6,,,,,,61.6
305,Isaiah Davis,RB,,,,,,13.0,94.0,,9.4,62.0,261.0,2.0,26.1,,60.5
306,Zane Gonzalez,K,,,,,,,,,,,,,,,60.0
307,Kimani Vidal,RB,,,,,,14.0,97.0,,9.7,60.0,243.0,2.0,24.3,,60.0
308,Mack Hollins,WR,,,,,,21.0,263.0,2.0,26.3,1.0,6.0,,0.6,,59.9
309,Jordan James,RB,,,,,,11.0,80.0,,8.0,68.0,287.0,2.0,28.7,,59.7
310,Josh Cameron,WR,,,,,,21.0,244.0,2.0,24.4,4.0,22.0,,2.2,,59.6
311,DeMario Douglas,WR,,,,,,20.0,250.0,2.0,25.0,3.0,23.0,,2.3,,59.3
312,Noah Gray,TE,,,,,,24.0,231.0,2.0,23.1,,,,,,59.1
313,Darnell Mooney,WR,,,,,,19.0,273.0,2.0,27.3,1.0,3.0,,0.3,,58.6
314,Justin Joly,TE,,,,,,23.0,230.0,2.0,23.0,,,,,,58.0
315,Joe Royer,TE,,,,,,23.0,228.0,2.0,22.8,,,,,,57.8
316,Samaje Perine,RB,,,,,,12.0,85.0,,8.5,60.0,251.0,2.0,25.1,,57.6
317,James Conner,RB,,,,,,11.0,82.0,1.0,8.2,53.0,220.0,2.0,22.0,1.0,57.2
318,Zavion Thomas,WR,,,,,,20.0,252.0,2.0,25.2,,,,,,57.2
319,Elic Ayomanor,WR,,,,,,20.0,247.0,2.0,24.7,,,,,,56.7
320,Emanuel Wilson,RB,,,,,,11.0,86.0,,8.6,61.0,249.0,2.0,24.9,,56.5
321,Chris Brooks,RB,,,,,,14.0,100.0,,10.0,50.0,203.0,2.0,20.3,,56.3
322,LeQuint Allen,RB,,,,,,18.0,127.0,1.0,12.7,33.0,135.0,1.0,13.5,,56.2
323,Max Klare,TE,,,,,,22.0,221.0,2.0,22.1,,,,,,56.1
324,Dominic Zvada,K,,,,,,,,,,,,,,,56.0
325,Ty Johnson,RB,,,,,,17.0,131.0,1.0,13.1,32.0,137.0,1.0,13.7,,55.8
326,Carson Beck,QB,124.0,77.0,5.0,778.0,4.0,,,,,12.0,38.0,1.0,3.8,1.0,54.92
327,Isiah Pacheco,RB,,,,,,10.0,73.0,,7.3,67.0,263.0,2.0,26.3,1.0,53.6
328,Jack Endries,TE,,,,,,21.0,203.0,2.0,20.3,,,,,,53.3
329,Sean Tucker,RB,,,,,,8.0,57.0,,5.7,66.0,288.0,2.0,28.8,1.0,52.5
330,Braelon Allen,RB,,,,,,10.0,69.0,,6.9,57.0,233.0,2.0,23.3,,52.2
331,Daniel Carlson,K,,,,,,,,,,,,,,,52.0
332,MarShawn Lloyd,RB,,,,,,7.0,47.0,,4.7,68.0,281.0,2.0,28.1,,51.8
333,Brandon Aiyuk,WR,,,,,,16.0,213.0,2.0,21.3,,3.0,,0.3,,49.6
334,John Metchie,WR,,,,,,20.0,220.0,1.0,22.0,1.0,8.0,,0.8,,48.8
335,Christian Kirk,WR,,,,,,19.0,205.0,1.0,20.5,1.0,9.0,,0.9,,46.4
336,Brandon McManus,K,,,,,,,,,,,,,,,46.0
337,Kaytron Allen,RB,,,,,,8.0,59.0,,5.9,53.0,220.0,2.0,22.0,1.0,45.9
338,Jaydon Blue,RB,,,,,,7.0,49.0,,4.9,50.0,210.0,2.0,21.0,,44.9
339,Jaylen Wright,RB,,,,,,6.0,38.0,,3.8,53.0,223.0,2.0,22.3,,44.1
340,Calvin Austin,WR,,,,,,16.0,201.0,1.0,20.1,2.0,13.0,,1.3,,43.4
341,Kaelon Black,RB,,,,,,6.0,43.0,,4.3,49.0,200.0,2.0,20.0,,42.3
342,Elijah Higgins,TE,,,,,,18.0,179.0,1.0,17.9,,,,,,41.9
343,Konata Mumpfield,WR,,,,,,16.0,197.0,1.0,19.7,,,,,,41.7
344,Ben Sauls,K,,,,,,,,,,,,,,,41.0
345,Jalen Royals,WR,,,,,,16.0,179.0,1.0,17.9,1.0,8.0,,0.8,,40.7
346,Luke Musgrave,TE,,,,,,17.0,176.0,1.0,17.6,,,,,,40.6
347,John Michael Gyllenborg,TE,,,,,,11.0,114.0,1.0,11.4,,,,,,40.4
348,Daniel Bellinger,TE,,,,,,17.0,171.0,1.0,17.1,,,,,,40.1
349,Oscar Delp,TE,,,,,,17.0,164.0,1.0,16.4,,,,,,39.4
350,CJ Daniels,WR,,,,,,15.0,177.0,1.0,17.7,1.0,6.0,,0.6,,39.3
351,Kirk Cousins,QB,98.0,63.0,5.0,639.0,3.0,,,,,5.0,6.0,,0.6,2.0,39.16
352,Brenen Thompson,WR,,,,,,14.0,190.0,1.0,19.0,,,,,,39.0
353,Keon Coleman,WR,,,,,,14.0,182.0,1.0,18.2,1.0,6.0,,0.6,,38.8
354,Rasheen Ali,RB,,,,,,12.0,87.0,,8.7,29.0,120.0,1.0,12.0,,38.7
355,Bryce Lance,WR,,,,,,15.0,177.0,1.0,17.7,,,,,,38.7
356,Charlie Kolar,TE,,,,,,16.0,162.0,1.0,16.2,1.0,2.0,,0.2,,38.4
357,Tez Johnson,WR,,,,,,14.0,174.0,1.0,17.4,2.0,10.0,,1.0,,38.4
358,Emari Demercado,RB,,,,,,12.0,83.0,,8.3,29.0,120.0,1.0,12.0,,38.3
359,Demarcus Robinson,WR,,,,,,14.0,181.0,1.0,18.1,,,,,,38.1
360,Ja'Tavion Sanders,TE,,,,,,17.0,148.0,1.0,14.8,,,,,,37.8
361,Jaylin Lane,WR,,,,,,14.0,163.0,1.0,16.3,2.0,14.0,,1.4,,37.7
362,Cyrus Allen,WR,,,,,,14.0,172.0,1.0,17.2,,,,,,37.2
363,Riley Patterson,K,,,,,,,,,,,,,,,37.0
364,Zach Ertz,TE,,,,,,16.0,147.0,1.0,14.7,,,,,,36.7
365,Noah Fant,TE,,,,,,15.0,156.0,1.0,15.6,,,,,,36.6
366,Seth McGowan,RB,,,,,,7.0,49.0,,4.9,44.0,184.0,1.0,18.4,,36.3
367,Jonnu Smith,TE,,,,,,15.0,139.0,1.0,13.9,2.0,10.0,,1.0,,35.9
368,KeAndre Lambert-Smith,WR,,,,,,13.0,159.0,1.0,15.9,1.0,6.0,,0.6,,35.5
369,Treylon Burks,WR,,,,,,12.0,152.0,1.0,15.2,3.0,16.0,,1.6,,34.8
370,Justin Fields,QB,55.0,34.0,2.0,363.0,2.0,,,,,18.0,102.0,1.0,10.2,1.0,34.72
371,Jalen Tolbert,WR,,,,,,13.0,152.0,1.0,15.2,,,,,,34.2
372,Michael Trigg,TE,,,,,,14.0,138.0,1.0,13.8,,,,,,33.8
373,Will Shipley,RB,,,,,,10.0,73.0,,7.3,25.0,105.0,1.0,10.5,,33.8
374,Tutu Atwell,WR,,,,,,11.0,155.0,1.0,15.5,2.0,12.0,,1.2,,33.7
375,Malik Davis,RB,,,,,,6.0,39.0,,3.9,44.0,178.0,1.0,17.8,,33.7
376,Demond Claiborne,RB,,,,,,9.0,67.0,,6.7,29.0,138.0,1.0,13.8,1.0,33.5
377,Sam Roush,TE,,,,,,14.0,135.0,1.0,13.5,,,,,,33.5
378,Cade Stover,TE,,,,,,14.0,130.0,1.0,13.0,2.0,2.0,,0.2,,33.2
379,Austin Hooper,TE,,,,,,14.0,132.0,1.0,13.2,,,,,,33.2
380,Austin Ekeler,RB,,,,,,9.0,63.0,,6.3,28.0,118.0,1.0,11.8,,33.1
381,Eli Raridon,TE,,,,,,14.0,130.0,1.0,13.0,,,,,,33.0
382,Tyler Higbee,TE,,,,,,14.0,129.0,1.0,12.9,,,,,,32.9
383,Tanner Koziol,TE,,,,,,14.0,128.0,1.0,12.8,,,,,,32.8
384,Joshua Palmer,WR,,,,,,12.0,146.0,1.0,14.6,,,,,,32.6
385,Caleb Douglas,WR,,,,,,12.0,145.0,1.0,14.5,,,,,,32.5
386,Xavier Hutchinson,WR,,,,,,12.0,145.0,1.0,14.5,,,,,,32.5
387,Kevin Coleman,WR,,,,,,12.0,144.0,1.0,14.4,,,,,,32.4
388,Kaleb Johnson,RB,,,,,,5.0,36.0,,3.6,42.0,174.0,1.0,17.4,,32.0
389,Savion Williams,WR,,,,,,10.0,118.0,1.0,11.8,6.0,42.0,,4.2,,32.0
390,Devin Neal,RB,,,,,,7.0,49.0,,4.9,39.0,160.0,1.0,16.0,1.0,31.9
391,Mitchell Evans,TE,,,,,,13.0,129.0,1.0,12.9,,,,,,31.9
392,Jackson Hawes,TE,,,,,,13.0,129.0,1.0,12.9,,,,,,31.9
393,John Bates,TE,,,,,,13.0,128.0,1.0,12.8,,,,,,31.8
394,Matt Hibner,TE,,,,,,13.0,128.0,1.0,12.8,,,,,,31.8
395,Tommy Tremble,TE,,,,,,13.0,128.0,1.0,12.8,,,,,,31.8
396,Drew Sample,TE,,,,,,13.0,126.0,1.0,12.6,,,,,,31.6
397,Lance Mason,TE,,,,,,13.0,126.0,1.0,12.6,,,,,,31.6
398,Jaren Kanak,TE,,,,,,13.0,126.0,1.0,12.6,,,,,,31.6
399,JuJu Smith-Schuster,WR,,,,,,12.0,130.0,1.0,13.0,1.0,6.0,,0.6,,31.6
400,Miles Kitselman,TE,,,,,,13.0,126.0,1.0,12.6,,,,,,31.6
401,Luke Schoonmaker,TE,,,,,,13.0,124.0,1.0,12.4,,,,,,31.4
402,Josh Oliver,TE,,,,,,13.0,124.0,1.0,12.4,,,,,,31.4
403,Isaiah Williams,WR,,,,,,12.0,135.0,1.0,13.5,3.0,18.0,,1.8,1.0,31.3
404,Kyle Williams,WR,,,,,,10.0,148.0,1.0,14.8,1.0,4.0,,0.4,,31.2
405,Efton Chism,WR,,,,,,12.0,126.0,1.0,12.6,1.0,6.0,,0.6,,31.2
406,Trevor Etienne,RB,,,,,,5.0,37.0,,3.7,40.0,164.0,1.0,16.4,,31.1
407,Colbie Young,WR,,,,,,11.0,140.0,1.0,14.0,,,,,,31.0
408,Kevin Austin,WR,,,,,,11.0,134.0,1.0,13.4,1.0,5.0,,0.5,,30.9
409,J'Mari Taylor,RB,,,,,,5.0,37.0,,3.7,38.0,160.0,1.0,16.0,,30.7
410,Taylen Green,QB,53.0,32.0,2.0,335.0,2.0,,,,,15.0,69.0,1.0,6.9,1.0,30.3
411,Aaron Anderson,WR,,,,,,11.0,132.0,1.0,13.2,,,,,,30.2
412,Jimmy Horn,WR,,,,,,10.0,124.0,1.0,12.4,3.0,18.0,,1.8,,30.2
413,Adam Randall,RB,,,,,,8.0,58.0,,5.8,25.0,103.0,1.0,10.3,,30.1
414,Eric McAlister,WR,,,,,,11.0,131.0,1.0,13.1,,,,,,30.1
415,DJ Giddens,RB,,,,,,6.0,43.0,,4.3,33.0,137.0,1.0,13.7,,30.0
416,Barion Brown,WR,,,,,,10.0,136.0,1.0,13.6,,,,,,29.6
417,Marlin Klein,TE,,,,,,12.0,115.0,1.0,11.5,,,,,,29.5
418,Brevyn Spann-Ford,TE,,,,,,12.0,114.0,1.0,11.4,,,,,,29.4
419,Dont'e Thornton,WR,,,,,,10.0,134.0,1.0,13.4,,,,,,29.4
420,Eric Rivers,WR,,,,,,11.0,124.0,1.0,12.4,,,,,,29.4
421,Tai Felton,WR,,,,,,10.0,126.0,1.0,12.6,1.0,6.0,,0.6,,29.2
422,Tyrell Shavers,WR,,,,,,10.0,126.0,1.0,12.6,1.0,6.0,,0.6,,29.2
423,Brandin Cooks,WR,,,,,,10.0,128.0,1.0,12.8,,,,,,28.8
424,Joe Flacco,QB,69.0,44.0,3.0,448.0,2.0,,,,,4.0,8.0,,0.8,,28.72
425,Tyler Lockett,WR,,,,,,11.0,113.0,1.0,11.3,,,,,,28.3
426,Odell Beckham,WR,,,,,,10.0,120.0,1.0,12.0,,,,,,28.0
427,Gardner Minshew,QB,60.0,38.0,3.0,394.0,2.0,,,,,6.0,22.0,,2.2,,27.96
428,Nick Chubb,RB,,,,,,5.0,31.0,,3.1,35.0,138.0,1.0,13.8,,27.9
429,Adam Trautman,TE,,,,,,11.0,108.0,1.0,10.8,,,,,,27.8
430,Josh Cuevas,TE,,,,,,11.0,108.0,1.0,10.8,,,,,,27.8
431,Kalif Raymond,WR,,,,,,9.0,116.0,1.0,11.6,2.0,11.0,,1.1,,27.7
432,Deion Burks,WR,,,,,,10.0,114.0,1.0,11.4,,2.0,,0.2,,27.6
433,Ben Sinnott,TE,,,,,,11.0,105.0,1.0,10.5,,,,,,27.5
434,Nate Boerkircher,TE,,,,,,11.0,104.0,1.0,10.4,,,,,,27.4
435,Brock Wright,TE,,,,,,11.0,103.0,1.0,10.3,,,,,,27.3
436,Trey Benson,RB,,,,,,3.0,22.0,1.0,2.2,30.0,120.0,1.0,12.0,1.0,27.2
437,Derek Carr,QB,66.0,43.0,3.0,447.0,2.0,,,,,4.0,13.0,,1.3,1.0,27.18
438,Will Dissly,TE,,,,,,11.0,100.0,1.0,10.0,,,,,,27.0
439,Jawhar Jordan,RB,,,,,,5.0,33.0,,3.3,31.0,127.0,1.0,12.7,,27.0
440,Marquez Valdes-Scantling,WR,,,,,,8.0,123.0,1.0,12.3,1.0,6.0,,0.6,,26.9
441,David Sills,WR,,,,,,9.0,113.0,1.0,11.3,1.0,6.0,,0.6,,26.9
442,Roman Wilson,WR,,,,,,9.0,118.0,1.0,11.8,,,,,,26.8
443,Mac Jones,QB,62.0,41.0,3.0,423.0,2.0,,,,,5.0,18.0,,1.8,1.0,26.72
444,Nick Westbrook-Ikhine,WR,,,,,,9.0,117.0,1.0,11.7,,,,,,26.7
445,Jerome Ford,RB,,,,,,6.0,44.0,,4.4,24.0,99.0,1.0,9.9,,26.3
446,Najee Harris,RB,,,,,,5.0,36.0,,3.6,30.0,117.0,1.0,11.7,,26.3
447,Jermaine Burton,WR,,,,,,8.0,114.0,1.0,11.4,1.0,6.0,,0.6,,26.0
448,Jahdae Walker,WR,,,,,,9.0,109.0,1.0,10.9,,,,,,25.9
449,Greg Dortch,WR,,,,,,10.0,101.0,1.0,10.1,3.0,16.0,,1.6,1.0,25.7
450,Grant Calcaterra,TE,,,,,,10.0,96.0,1.0,9.6,,,,,,25.6
451,Desmond Reid,RB,,,,,,4.0,31.0,,3.1,29.0,122.0,1.0,12.2,,25.3
452,George Holani,RB,,,,,,4.0,29.0,,2.9,30.0,123.0,1.0,12.3,,25.2
453,Tahj Brooks,RB,,,,,,3.0,22.0,,2.2,33.0,132.0,1.0,13.2,,24.4
454,Kareem Hunt,RB,,,,,,3.0,22.0,,2.2,35.0,130.0,1.0,13.0,,24.2
455,Xavier Smith,WR,,,,,,7.0,95.0,1.0,9.5,3.0,16.0,,1.6,,24.1
456,Cade Klubnik,QB,61.0,38.0,2.0,400.0,2.0,,,,,5.0,20.0,,2.0,,24.0
457,Lil'Jordan Humphrey,WR,,,,,,8.0,100.0,1.0,10.0,,,,,,24.0
458,Jordan Whittington,WR,,,,,,8.0,87.0,1.0,8.7,1.0,6.0,,0.6,,23.3
459,Ollie Gordon,RB,,,,,,3.0,22.0,,2.2,30.0,120.0,1.0,12.0,,23.2
460,Audric Estime,RB,,,,,,3.0,17.0,,1.7,30.0,119.0,1.0,11.9,,22.6
461,Will Howard,QB,64.0,40.0,2.0,410.0,2.0,,,,,5.0,21.0,,2.1,1.0,22.5
462,Drew Allar,QB,62.0,39.0,2.0,398.0,2.0,,,,,5.0,21.0,,2.1,1.0,22.02
463,Matt Prater,K,,,,,,,,,,,,,,,22.0
464,Drew Stevens,K,,,,,,,,,,,,,,,22.0
465,Younghoe Koo,K,,,,,,,,,,,,,,,22.0
466,Michael Badgley,K,,,,,,,,,,,,,,,22.0
467,Graham Gano,K,,,,,,,,,,,,,,,22.0
468,Noah Brown,WR,,,,,,7.0,88.0,1.0,8.8,,,,,,21.8
469,Dameon Pierce,RB,,,,,,3.0,22.0,,2.2,25.0,106.0,1.0,10.6,,21.8
470,Anthony Richardson,QB,28.0,16.0,1.0,193.0,1.0,,,,,8.0,46.0,1.0,4.6,,21.32
471,Isaac Guerendo,RB,,,,,,2.0,16.0,,1.6,28.0,116.0,1.0,11.6,,21.2
472,Jam Miller,RB,,,,,,3.0,22.0,,2.2,22.0,92.0,1.0,9.2,,20.4
473,Brashard Smith,RB,,,,,,4.0,32.0,,3.2,16.0,67.0,1.0,6.7,,19.9
474,J.J. McCarthy,QB,32.0,20.0,1.0,213.0,1.0,,,,,5.0,21.0,1.0,2.1,,19.62
475,Tip Reiman,TE,,,,,,8.0,74.0,,7.4,,,,,,15.4
476,Mo Alie-Cox,TE,,,,,,8.0,74.0,,7.4,,,,,,15.4
477,Connor Heyward,TE,,,,,,4.0,33.0,,3.3,7.0,14.0,1.0,1.4,,14.7
478,Trey Lance,QB,29.0,18.0,1.0,183.0,1.0,,,,,8.0,43.0,,4.3,,14.62
479,Jalen Milroe,QB,26.0,16.0,1.0,164.0,1.0,,,,,8.0,43.0,,4.3,,13.86
480,Tim Patrick,WR,,,,,,6.0,77.0,,7.7,,,,,,13.7
481,Ty Simpson,QB,32.0,20.0,1.0,218.0,1.0,,,,,5.0,19.0,,1.9,,13.62
482,Marcus Mariota,QB,29.0,19.0,1.0,188.0,1.0,,,,,4.0,26.0,,2.6,,13.12
483,Cade York,K,,,,,,,,,,,,,,,13.0
484,Tyrod Taylor,QB,32.0,20.0,1.0,205.0,1.0,,,,,4.0,17.0,,1.7,,12.9
485,Jameis Winston,QB,32.0,20.0,1.0,214.0,1.0,,,,,3.0,13.0,,1.3,,12.86
486,Will Levis,QB,32.0,20.0,1.0,205.0,1.0,,,,,4.0,15.0,,1.5,,12.7
487,Tyler Huntley,QB,28.0,18.0,1.0,182.0,1.0,,,,,4.0,24.0,,2.4,,12.68
488,Spencer Rattler,QB,32.0,20.0,1.0,202.0,1.0,,,,,4.0,16.0,,1.6,,12.68
489,Diego Pavia,QB,29.0,18.0,1.0,183.0,1.0,,,,,4.0,22.0,,2.2,,12.52
490,Tyson Bagent,QB,31.0,19.0,1.0,195.0,1.0,,,,,4.0,17.0,,1.7,,12.5
491,Raheem Mostert,RB,,,,,,5.0,33.0,,3.3,10.0,42.0,,4.2,,12.5
492,Riley Leonard,QB,29.0,18.0,1.0,196.0,1.0,,,,,4.0,16.0,,1.6,,12.44
493,Carson Wentz,QB,32.0,20.0,1.0,221.0,1.0,,,,,2.0,6.0,,0.6,,12.44
494,Tanner McKee,QB,31.0,19.0,1.0,198.0,1.0,,,,,4.0,15.0,,1.5,,12.42
495,Joe Milton,QB,31.0,19.0,1.0,195.0,1.0,,,,,4.0,16.0,,1.6,,12.4
496,Quinn Ewers,QB,31.0,19.0,1.0,195.0,1.0,,,,,4.0,16.0,,1.6,,12.4
497,Joshua Dobbs,QB,31.0,19.0,1.0,195.0,1.0,,,,,4.0,16.0,,1.6,,12.4
498,Clayton Tune,QB,31.0,19.0,1.0,195.0,1.0,,,,,4.0,16.0,,1.6,,12.4
499,Tommy DeVito,QB,30.0,19.0,1.0,202.0,1.0,,,,,4.0,13.0,,1.3,,12.38
500,Jimmy Garoppolo,QB,33.0,21.0,1.0,218.0,1.0,,,,,2.0,6.0,,0.6,,12.32
501,Devin Singletary,RB,,,,,,5.0,32.0,,3.2,10.0,41.0,,4.1,,12.3
502,Jarrett Stidham,QB,31.0,19.0,1.0,198.0,1.0,,,,,2.0,13.0,,1.3,,12.22
503,Devontez Walker,WR,,,,,,5.0,66.0,,6.6,1.0,6.0,,0.6,,12.2
504,Nick Mullens,QB,33.0,20.0,1.0,211.0,1.0,,,,,2.0,6.0,,0.6,,12.04
505,Davis Mills,QB,33.0,20.0,1.0,211.0,1.0,,,,,2.0,6.0,,0.6,,12.04
506,Ty Chandler,RB,,,,,,6.0,39.0,,3.9,5.0,21.0,,2.1,,12.0
507,Kyle Allen,QB,31.0,19.0,1.0,195.0,1.0,,,,,2.0,12.0,,1.2,,12.0
508,Mitchell Trubisky,QB,29.0,18.0,1.0,186.0,1.0,,,,,4.0,15.0,,1.5,,11.94
509,Dillon Gabriel,QB,30.0,19.0,1.0,189.0,1.0,,,,,2.0,13.0,,1.3,,11.86
510,Andy Dalton,QB,33.0,21.0,1.0,208.0,1.0,,,,,2.0,5.0,,0.5,,11.82
511,Mason Rudolph,QB,32.0,20.0,1.0,202.0,1.0,,,,,2.0,6.0,,0.6,,11.68
512,Teddy Bridgewater,QB,32.0,20.0,1.0,202.0,1.0,,,,,2.0,5.0,,0.5,,11.58
513,Jaydn Ott,RB,,,,,,3.0,19.0,,1.9,15.0,63.0,,6.3,,11.2
514,Zavier Scott,RB,,,,,,4.0,29.0,,2.9,10.0,42.0,,4.2,,11.1
515,Luke Farrell,TE,,,,,,5.0,51.0,,5.1,,,,,,10.1
516,Durham Smythe,TE,,,,,,5.0,49.0,,4.9,,,,,,9.9
517,Bo Melton,WR,,,,,,4.0,52.0,,5.2,1.0,6.0,,0.6,,9.8
518,Foster Moreau,TE,,,,,,5.0,48.0,,4.8,,,,,,9.8
519,Jarquez Hunter,RB,,,,,,2.0,13.0,,1.3,15.0,63.0,,6.3,,9.6
520,Jamal Haynes,RB,,,,,,2.0,13.0,,1.3,15.0,63.0,,6.3,,9.6
521,Riley Nowakowski,TE,,,,,,5.0,46.0,,4.6,,,,,,9.6
522,Taysom Hill,TE,,,,,,4.0,35.0,,3.5,5.0,20.0,,2.0,,9.5
523,Jeremy McNichols,RB,,,,,,3.0,22.0,,2.2,10.0,42.0,,4.2,,9.4
524,Jeremy Ruckert,TE,,,,,,5.0,43.0,,4.3,,,,,,9.3
525,Luke McCaffrey,WR,,,,,,4.0,53.0,,5.3,,,,,,9.3
526,Elijah Mitchell,RB,,,,,,2.0,14.0,,1.4,14.0,59.0,,5.9,,9.3
527,Isaiah Hodgins,WR,,,,,,4.0,52.0,,5.2,,,,,,9.2
528,Cody White,WR,,,,,,4.0,45.0,,4.5,,,,,,8.5
529,Dean Connors,RB,,,,,,2.0,18.0,,1.8,11.0,46.0,,4.6,,8.4
530,Tyler Badie,RB,,,,,,4.0,28.0,,2.8,4.0,16.0,,1.6,,8.4
531,Michael Carter,RB,,,,,,3.0,22.0,,2.2,7.0,29.0,,2.9,,8.1
532,Payne Durham,TE,,,,,,4.0,41.0,,4.1,,,,,,8.1
533,Lucas Krull,TE,,,,,,4.0,41.0,,4.1,,,,,,8.1
534,Charlie Woerner,TE,,,,,,4.0,40.0,,4.0,,,,,,8.0
535,Quintin Morris,TE,,,,,,4.0,40.0,,4.0,,,,,,8.0
536,Seydou Traore,TE,,,,,,4.0,40.0,,4.0,,,,,,8.0
537,Tucker Fisk,TE,,,,,,4.0,35.0,,3.5,,,,,,7.5
538,Dare Ogunbowale,RB,,,,,,4.0,27.0,,2.7,2.0,8.0,,0.8,,7.5
539,Jack Stoll,TE,,,,,,4.0,35.0,,3.5,,,,,,7.5
540,Jaleel McLaughlin,RB,,,,,,2.0,15.0,,1.5,10.0,40.0,,4.0,,7.5
541,Pierre Strong,RB,,,,,,2.0,14.0,,1.4,10.0,41.0,,4.1,,7.5
542,Dallin Holker,TE,,,,,,4.0,35.0,,3.5,,,,,,7.5
543,Damien Martinez,RB,,,,,,2.0,14.0,,1.4,10.0,41.0,,4.1,,7.5
544,Devin Culp,TE,,,,,,4.0,33.0,,3.3,,,,,,7.3
545,Dante Pettis,WR,,,,,,3.0,37.0,,3.7,1.0,6.0,,0.6,,7.3
546,Jack Velling,TE,,,,,,4.0,33.0,,3.3,,,,,,7.3
547,Arian Smith,WR,,,,,,3.0,35.0,,3.5,1.0,6.0,,0.6,,7.1
548,Ronnie Rivers,RB,,,,,,3.0,20.0,,2.0,5.0,21.0,,2.1,,7.1
549,Xavier Weaver,WR,,,,,,3.0,35.0,,3.5,1.0,6.0,,0.6,,7.1
550,Van Jefferson,WR,,,,,,3.0,38.0,,3.8,,,,,,6.8
551,Malachi Corley,WR,,,,,,2.0,20.0,,2.0,5.0,28.0,,2.8,,6.8
552,Phil Mafah,RB,5.0,,,,,2.0,15.0,,1.5,8.0,32.0,,3.2,,6.7
553,Darius Cooper,WR,,,,,,3.0,37.0,,3.7,,,,,,6.7
554,Trebor Pena,WR,,,,,,3.0,36.0,,3.6,,,,,,6.6
555,Reggie Virgil,WR,,,,,,3.0,36.0,,3.6,,,,,,6.6
556,Dane Key,WR,,,,,,3.0,36.0,,3.6,,,,,,6.6
557,Chase Roberts,WR,,,,,,3.0,36.0,,3.6,,,,,,6.6
558,Cedric Tillman,WR,,,,,,3.0,36.0,,3.6,,,,,,6.6
559,Noah Thomas,WR,,,,,,3.0,36.0,,3.6,,,,,,6.6
560,Josh Reynolds,WR,,,,,,3.0,35.0,,3.5,,,,,,6.5
561,Tyler Johnson,WR,,,,,,3.0,35.0,,3.5,,,,,,6.5
562,Jalen Brooks,WR,,,,,,3.0,35.0,,3.5,,,,,,6.5
563,Allen Lazard,WR,,,,,,3.0,34.0,,3.4,,,,,,6.4
564,Josh Whyle,TE,,,,,,3.0,32.0,,3.2,,,,,,6.2
565,Brevin Jordan,TE,,,,,,4.0,21.0,,2.1,,,,,,6.1
566,Lenny Krieg,K,,,,,,,,,,,,,,,6.0
567,Will Ferrin,K,,,,,,,,,,,,,,,6.0
568,Davis Allen,TE,,,,,,3.0,29.0,,2.9,,,,,,5.9
569,Tanner Hudson,TE,,,,,,3.0,28.0,,2.8,,,,,,5.8
570,Eric Saubert,TE,,,,,,3.0,27.0,,2.7,,,,,,5.7
571,Nate Adkins,TE,,,,,,3.0,27.0,,2.7,,,,,,5.7
572,Stone Smartt,TE,,,,,,3.0,27.0,,2.7,,,,,,5.7
573,Kalel Mullings,RB,,,,,,2.0,16.0,,1.6,5.0,20.0,,2.0,,5.6
574,Julian Hill,TE,,,,,,3.0,26.0,,2.6,,,,,,5.6
575,Julius Chestnut,RB,,,,,,2.0,16.0,,1.6,5.0,20.0,,2.0,,5.6
576,Kendre Miller,RB,,,,,,2.0,16.0,,1.6,5.0,20.0,,2.0,,5.6
577,Drew Ogletree,TE,,,,,,3.0,24.0,,2.4,,,,,,5.4
578,Curtis Samuel,WR,,,,,,2.0,27.0,,2.7,1.0,6.0,,0.6,,5.3
579,Kenny McIntosh,RB,,,,,,2.0,16.0,,1.6,4.0,16.0,,1.6,,5.2
580,Dylan Laube,RB,,,,,,2.0,10.0,,1.0,5.0,21.0,,2.1,,5.1
581,Cam Akers,RB,,,,,,2.0,15.0,,1.5,4.0,16.0,,1.6,,5.1
582,Zamir White,RB,,,,,,2.0,10.0,,1.0,5.0,21.0,,2.1,,5.1
583,Dyami Brown,WR,,,,,,2.0,23.0,,2.3,1.0,6.0,,0.6,,4.9
584,Dee Eskridge,WR,,,,,,2.0,23.0,,2.3,1.0,6.0,,0.6,,4.9
585,Xavier Restrepo,WR,,,,,,2.0,22.0,,2.2,1.0,6.0,,0.6,,4.8
586,Ameer Abdullah,RB,,,,,,2.0,15.0,,1.5,3.0,13.0,,1.3,,4.8
587,Tyler Goodson,RB,,,,,,2.0,15.0,,1.5,3.0,13.0,,1.3,,4.8
588,Kameron Johnson,WR,,,,,,2.0,28.0,,2.8,,,,,,4.8
589,Raheim Sanders,RB,,,,,,2.0,7.0,,0.7,5.0,20.0,,2.0,,4.7
590,Dareke Young,WR,,,,,,2.0,26.0,,2.6,,,,,,4.6
591,Craig Reynolds,RB,,,,,,2.0,16.0,,1.6,2.0,8.0,,0.8,,4.4
592,Blake Whiteheart,TE,,,,,,2.0,24.0,,2.4,,,,,,4.4
593,Jacardia Wright,RB,,,,,,2.0,15.0,,1.5,2.0,8.0,,0.8,,4.3
594,David Moore,WR,,,,,,2.0,23.0,,2.3,,,,,,4.3
595,Tylan Wallace,WR,,,,,,2.0,22.0,,2.2,,,,,,4.2
596,Ricky White,WR,,,,,,2.0,22.0,,2.2,,,,,,4.2
597,Jake Bobo,WR,,,,,,2.0,22.0,,2.2,,,,,,4.2
598,Kaden Wetjen,WR,,,,,,2.0,22.0,,2.2,,,,,,4.2
599,Chris Moore,WR,,,,,,2.0,21.0,,2.1,,,,,,4.1
600,Cameron Latu,TE,,,,,,2.0,20.0,,2.0,,,,,,4.0
601,Harrison Bryant,TE,,,,,,2.0,20.0,,2.0,,,,,,4.0
602,Ian Thomas,TE,,,,,,2.0,20.0,,2.0,,,,,,4.0
603,Ben Yurosek,TE,,,,,,2.0,20.0,,2.0,,,,,,4.0
604,Sione Vaki,RB,,,,,,2.0,16.0,,1.6,1.0,4.0,,0.4,,4.0
605,Kylen Granson,TE,,,,,,2.0,20.0,,2.0,,,,,,4.0
606,Antonio Gibson,RB,,,,,,2.0,15.0,,1.5,1.0,4.0,,0.4,,3.9
607,Trent Sherfield,WR,,,,,,2.0,19.0,,1.9,,,,,,3.9
608,Max Bredeson,TE,,,,,,2.0,15.0,,1.5,1.0,3.0,,0.3,,3.8
609,Anthony Gould,WR,,,,,,1.0,16.0,,1.6,1.0,6.0,,0.6,,3.2
610,Ashton Dulin,WR,,,,,,1.0,14.0,,1.4,1.0,6.0,,0.6,,3.0
611,Skyy Moore,WR,,,,,,1.0,14.0,,1.4,1.0,6.0,,0.6,,3.0
612,DeAndre Hopkins,WR,,,,,,1.0,15.0,,1.5,,,,,,2.5
613,Jordan Watkins,WR,,,,,,1.0,14.0,,1.4,,,,,,2.4
614,Shane Zylstra,TE,,,,,,1.0,13.0,,1.3,,,,,,2.3
615,Chris Manhertz,TE,,,,,,1.0,13.0,,1.3,,,,,,2.3
616,Ko Kieft,TE,,,,,,1.0,13.0,,1.3,,,,,,2.3
617,Donovan Edwards,RB,,,,,,,,,,5.0,21.0,,2.1,,2.1
618,Feleipe Franks,TE,,,,,,1.0,7.0,,0.7,1.0,2.0,,0.2,,1.9
619,Gage Larvadain,WR,,,,,,1.0,9.0,,0.9,,,,,,1.9
620,Robert Tonyan,TE,,,,,,1.0,9.0,,0.9,,,,,,1.9
621,DeAndre Carter,WR,,,,,,1.0,17.0,,1.7,2.0,11.0,,1.1,1.0,1.8
622,Tyler Conklin,TE,,,,,,1.0,7.0,,0.7,,,,,,1.7
623,Jacob Cowing,WR,,,,,,1.0,7.0,,0.7,,,,,,1.7
624,LaJohntay Wester,WR,,,,,,1.0,14.0,,1.4,1.0,6.0,,0.6,1.0,1.0
625,Clyde Edwards-Helaire,RB,,,,,,,,,,2.0,8.0,,0.8,,0.8
626,Sterling Shepard,WR,,,,,,,,,,1.0,6.0,,0.6,,0.6
627,Ben Skowronek,WR,,,,,,,,,,1.0,6.0,,0.6,,0.6
628,James Proche,WR,,,,,,,,,,1.0,6.0,,0.6,,0.6
629,Nikko Remigio,WR,,,,,,,,,,1.0,6.0,,0.6,,0.6
